{
"make_a_slight_right_turn":"Biegen Sie leicht rechts ab.",
"make_a_right_turn":"Biegen Sie rechts ab.",
"make_a_sharp_right_turn":"Biegen Sie scharf rechts ab.",
"enter_the_roundabout":"Fahren Sie in den Kreisverkehr.",
"leave_the_roundabout":"Verlassen Sie den Kreisverkehr.",
"make_a_slight_left_turn":"Biegen Sie leicht links ab.",
"make_a_left_turn":"Biegen Sie links ab.",
"make_a_sharp_left_turn":"Biegen Sie scharf links ab.",
"make_a_u_turn":"Wenden Sie.",
"go_straight":"Fahren Sie geradeaus.",
"destination":"Ziel.",
"you_have_reached_the_destination":"Sie haben das Ziel erreicht.",
"in_50_meters":"In 50 Metern.",
"in_100_meters":"In 100 Metern.",
"in_200_meters":"In 200 Metern.",
"in 300 meters":"In 300 Metern.",
"in 400 meters":"In 400 Metern.",
"in 500 meters":"In 500 Metern.",
"in 600 meters":"In 600 Metern.",
"in 700 meters":"In 700 Metern.",
"in 800 meters":"In 800 Metern.",
"in 900 meters":"In 900 Metern.",
"in_one_kilometer":"In einem Kilometer.",
"in_one_and_a_half_kilometer":"In anderthalb Kilometern.",
"then":"Danach.",
"take_the_first_exit":"Nehmen Sie die erste Ausfahrt.",
"take_the_second_exit":"Nehmen Sie die zweite Ausfahrt.",
"take_the_third_exit":"Nehmen Sie die dritte Ausfahrt.",
"take_the_4th_exit":"Nehmen Sie die 4. Ausfahrt.",
"take_the_5th_exit":"Nehmen Sie die 5. Ausfahrt.",
"take_the_6th_exit":"Nehmen Sie die 6. Ausfahrt.",
"take_the_7th_exit":"Nehmen Sie die 7. Ausfahrt.",
"take_the_8th_exit":"Nehmen Sie die 8. Ausfahrt.",
"take_the_9th_exit":"Nehmen Sie die 9. Ausfahrt.",
"take_the_10th_exit":"Nehmen Sie die 10. Ausfahrt.",
"take_the_11th_exit":"Nehmen Sie die 11. Ausfahrt.",
"bear_left":"Halten Sie sich links.",
"bear_right":"Halten Sie sich rechts.",
"you_have_reached_the intermediate_point":"Sie haben den Zwischenpunkt erreicht.",
"intermediate_point":"Zwischenpunkt.",
"enter_the highway":"Fahren Sie auf die Autobahn.",
"leave_the_highway":"Fahren Sie von der Autobahn ab.",
"follow_the_roundabout":"Folgen Sie dem Kreisverkehr.",
"you_have_left_the_route":"Sie haben die Route verlassen.",
"you_have_returned_to_the_route":"Sie sind auf die Route zurückgekehrt.",
"the_route_has_been_recalculated":"Die Route wurde neu berechnet.",
"follow_the_sign":"Folgen Sie der Beschilderung.",
"in_250_meters":"In 250 Metern.",
"in_750_meters":"In 750 Metern.",
"in_two_kilometers":"In zwei Kilometern.",
"in_two_and_half_kilometers":"In zweieinhalb Kilometern.",
"in_3_kilometers":"In 3 Kilometern.",
"in_one_and_half_miles":"In dreieinhalb Kilometern.",
"in_two_miles":"In zwei Meilen.",
"in_250_yards":"In 250 Yards.",
"in_750_yards":"In 750 Yards.",
"in_50_feet":"In 50 Fuß.",
"in_100_feet":"In 100 Fuß.",
"in_200_feet":"In 200 Fuß.",
"in_300_feet":"In 300 Fuß.",
"in_400_feet":"In 400 Fuß.",
"in_500_feet":"In 500 Fuß.",
"in_600_feet":"In 600 Fuß.",
"in_700_feet":"In 700 Fuß.",
"in_800_feet":"In 800 Fuß.",
"in_900_feet":"In 900 Fuß.",
"in_1000_feet":"In 1.000 Fuß.",
"in_1500_feet":"In 1.500 Fuß.",
"in_2000_feet":"In 2.000 Fuß.",
"in_2500_feet":"In 2.500 Fuß.",
"in 3000_feet":"In 3.000 Fuß.",
"in 3500_feet":"In 3.500 Fuß.",
"in_4000_feet":"In 4.000 Fuß.",
"in_4500_feet":"In 4.500 Fuß.",
"in_5000_feet":"In 5.000 Fuß.",
"in_one_mile":"In einer Meile."
}
