{
"make_a_slight_right_turn":"Käänny loivasti oikeaan.",
"make_a_right_turn":"Käänny oikeaan.",
"make_a_sharp_right_turn":"Käänny jyrkästi oikeaan.",
"enter_the_roundabout":"Aja liikenneympyrään.",
"leave_the_roundabout":"Poistu liikenneympyrästä.",
"make_a_slight_left_turn":"Känny loivasti vasempaan.",
"make_a_left_turn":"Käänny vasempaan.",
"make_a_sharp_left_turn":"Käänny jyrkästi vasempaan.",
"make_a_u_turn":"Tee U-käännös.",
"go_straight":"Aja suoraan.",
"destination":"Kohde.",
"you_have_reached_the_destination":"Olet saapunut kohteeseen.",
"in_50_meters":"50 metrin päässä.",
"in_100_meters":"100 metrin päässä.",
"in_200_meters":"200 metrin päässä.",
"in_300_meters":"300 metrin päässä.",
"in_400_meters":"400 metrin päässä.",
"in_500_meters":"500 metrin päässä.",
"in_600_meters":"600 metrin päässä.",
"in_700_meters":"700 metrin päässä.",
"in_800_meters":"800 metrin päässä.",
"in_900_meters":"900 metrin päässä.",
"in_one_kilometer":"Yhden kilometrin päässä.",
"in_one_and_a_half_kilometer":"Puolentoista kilomertin päässä.",
"then":"Sitten.",
"take_the_first_exit":"Poistu seuraavassa liittymässä.",
"take_the_second_exit":"Poistu toisessa liittymässä.",
"take_the_third_exit":"Poistu kolmannessa liittymässä.",
"take_the_4th_exit":"Poistu 4. liittymässä.",
"take_the_5th_exit":"Poistu 5. liittymässä.",
"take_the_6th_exit":"Poistu 6. liittymässä.",
"take_the_7th_exit":"Poisty 7. liittymässä.",
"take_the_8th_exit":"Poistu 8. liittymässä.",
"take_the_9th_exit":"Poistu 9. liittymässä.",
"take_the_10th_exit":"Poistu 10. liittymässä.",
"take_the_11th_exit":"Poistu 11. liittymässä.",
"bear_left":"Liity vasemmalle.",
"bear_right":"Liity oikealle.",
"you_have_reached_the intermediate_point":"Olet saapunut välipisteeseen.",
"intermediate_point":"Välipiste.",
"enter_the highway":"Liity moottoritielle.",
"leave_the_highway":"Poistu moottoritieltä.",
"follow_the_roundabout":"Seuraa liikenneympyrää.",
"you_have_left_the_route":"Olet poistunut reitiltä.",
"you_have_returned_to_the_route":"Olet palannut reitille.",
"the_route_has_been_recalculated":"Reitti on laskettu uudelleen.",
"follow_the_sign":"Seuraa merkkiä.",
"in_250_meters":"250 metrin päässä.",
"in_750_meters":"750 metrin päässä.",
"in_two_kilometers":"Kahden kilometrin päässä.",
"in_two_and_half_kilometers":"Kahden ja puolen kilometrin päässä.",
"in_3_kilometers":"3 kilometrin päässä.",
"in_one_and_half_miles":"Puolentoista mailin päässä.",
"in_two_miles":"Kahden mailin päässä.",
"in_250_yards":"250 jaardin päässä.",
"in_750_yards":"750 jaardin päässä.",
"in_50_feet":"50 jalan päässä.",
"in_100_feet":"100 jalan päässä.",
"in_200_feet":"200 jalan päässä.",
"in_300_feet":"300 jalan päässä.",
"in_400_feet":"400 jalan päässä.",
"in_500_feet":"500 jalan päässä.",
"in_600_feet":"600 jalan päässä.",
"in_700_feet":"700 jalan päässä.",
"in_800_feet":"800 jalan päässä.",
"in_900_feet":"900 jalan päässä.",
"in_1000_feet":"1000 jalan päässä.",
"in_1500_feet":"1500 jalan päässä.",
"in_2000_feet":"2000 jalan päässä.",
"in_2500_feet":"2500 jalan päässä.",
"in_3000_feet":"3000 jalan päässä.",
"in_3500_feet":"3500 jalan päässä.",
"in_4000_feet":"4000 jalan päässä.",
"in_4500_feet":"4500 jalan päässä.",
"in_5000_feet":"5000 jalan päässä.",
"in_one_mile":"Mailin päässä."
}
