{
"make_a_slight_right_turn":"Gire ligeramente a la derecha.",
"make_a_right_turn":"Gire a la derecha.",
"make_a_sharp_right_turn":"Gire cerrado a la derecha.",
"enter_the_roundabout":"Entre a la rotonda.",
"leave_the_roundabout":"Salga de la rotonda.",
"make_a_slight_left_turn":"Gire ligeramente a la izquierda.",
"make_a_left_turn":"Gire a la izquierda.",
"make_a_sharp_left_turn":"Gire cerrado a la izquierda.",
"make_a_u_turn":"Gire en U.",
"go_straight":"Continúe derecho.",
"destination":"Destino.",
"you_have_reached_the_destination":"Ha llegado al destino.",
"in_50_meters":"En 50 metros.",
"in_100_meters":"En 100 metros.",
"in_200_meters":"En 200 metros.",
"in 300 meters":"En 300 metros.",
"in 400 meters":"En 400 metros.",
"in 500 meters":"En 500 metros.",
"in 600 meters":"En 600 metros.",
"in 700 meters":"En 700 metros.",
"in 800 meters":"En 800 metros.",
"in 900 meters":"En 900 metros.",
"in_one_kilometer":"En un kilómetro.",
"in_one_and_a_half_kilometer":"En un kilómetro y medio.",
"then":"Después.",
"take_the_first_exit":"Tome la primera salida.",
"take_the_second_exit":"Tome la segunda salida.",
"take_the_third_exit":"Tome la tercera salida.",
"take_the_4th_exit":"Tome la 4.a salida.",
"take_the_5th_exit":"Tome la 5.a salida.",
"take_the_6th_exit":"Tome la 6.a salida.",
"take_the_7th_exit":"Tome la 7.a salida.",
"take_the_8th_exit":"Tome la 8.a salida.",
"take_the_9th_exit":"Tome la 9.a salida.",
"take_the_10th_exit":"Tome la 10.a salida.",
"take_the_11th_exit":"Tome la 11.a salida.",
"bear_left":"Mantenga la izquierda.",
"bear_right":"Mantenga la derecha.",
"you_have_reached_the intermediate_point":"Ha llegado al punto intermedio.",
"intermediate_point":"Punto intermedio.",
"enter_the highway":"Entre a la autopista.",
"leave_the_highway":"Salga de la autopista.",
"follow_the_roundabout":"Continúe en la rotonda.",
"you_have_left_the_route":"Ha salido de la ruta.",
"you_have_returned_to_the_route":"Ha retornado a la ruta.",
"the_route_has_been_recalculated":"La ruta se ha calculado nuevamente.",
"follow_the_sign":"Siga la señal.",
"in_250_meters":"En 250 metros.",
"in_750_meters":"En 750 metros.",
"in_two_kilometers":"En 2 kilómetros.",
"in_two_and_half_kilometers":"En dos kilómetros y medio.",
"in_3_kilometers":"En 3 kilómetros.",
"in_one_and_half_miles":"En una milla y media.",
"in_two_miles":"En dos millas.",
"in_250_yards":"En 250 yardas.",
"in_750_yards":"En 750 yardas.",
"in_50_feet":"En 50 pies.",
"in_100_feet":"En 100 pies.",
"in_200_feet":"En 200 pies.",
"in_300_feet":"En 300 pies.",
"in_400_feet":"En 400 pies.",
"in_500_feet":"En 500 pies.",
"in_600_feet":"En 600 pies.",
"in_700_feet":"En 700 pies.",
"in_800_feet":"En 800 pies.",
"in_900_feet":"En 900 pies.",
"in_1000_feet":"En 1000 pies.",
"in_1500_feet":"En 1500 pies.",
"in_2000_feet":"En 2000 pies.",
"in_2500_feet":"En 2500 pies.",
"in 3000_feet":"En 3000 pies.",
"in 3500_feet":"En 3500 pies.",
"in_4000_feet":"En 4000 pies.",
"in_4500_feet":"En 4500 pies.",
"in_5000_feet":"En 5000 pies.",
"in_one_mile":"En una milla."
}
