{
"make_a_slight_right_turn":"Drej lidt til højre.",
"make_a_right_turn":"Drej til højre.",
"make_a_sharp_right_turn":"Drej skarpt til højre.",
"enter_the_roundabout":"Kør ind i rundkørslen.",
"leave_the_roundabout":"Forlad rundkørslen.",
"make_a_slight_left_turn":"Drej lidt til venstre.",
"make_a_left_turn":"Drej til venstre.",
"make_a_sharp_left_turn":"Drej skarpt til venstre.",
"make_a_u_turn":"Vend om.",
"go_straight":"Fortsæt lige ud.",
"destination":"Destination.",
"you_have_reached_the_destination":"Du har nået din destination.",
"in_50_meters":"Om 50 meter.",
"in_100_meters":"Om 100 meter.",
"in_200_meters":"Om 200 meter.",
"in_300_meters":"Om 300 meter.",
"in_400_meters":"Om 400 meter.",
"in_500_meters":"Om 500 meter.",
"in_600_meters":"Om 600 meter.",
"in_700_meters":"Om 700 meter.",
"in_800_meters":"Om 800 meter.",
"in_900_meters":"Om 900 meter.",
"in_one_kilometer":"Om en kilometer.",
"in_one_and_a_half_kilometer":"Om halvanden kilometer.",
"then":"Derefter.",
"take_the_first_exit":"Tag den første afkørsel.",
"take_the_second_exit":"Tag den anden afkørsel.",
"take_the_third_exit":"Tag den tredje afkørsel.",
"take_the_4th_exit":"Tag den 4. afkørsel.",
"take_the_5th_exit":"Tag den 5. afkørsel.",
"take_the_6th_exit":"Tag den 6. afkørsel.",
"take_the_7th_exit":"Tag den 7. afkørsel.",
"take_the_8th_exit":"Tag den 8. afkørsel.",
"take_the_9th_exit":"Tag den 9. afkørsel.",
"take_the_10th_exit":"Tag den 10. afkørsel.",
"take_the_11th_exit":"Tag den 11. afkørsel.",
"bear_left":"Hold til venstre.",
"bear_right":"Hold til højre.",
"you_have_reached_the intermediate_point":"Du har nået mellempunktet.",
"intermediate_point":"Mellempunkt.",
"enter_the highway":"Kør ind på hovedvejen.",
"leave_the_highway":"Kør fra hovedvejen.",
"follow_the_roundabout":"Kør lige ud i rundkørslen.",
"you_have_left_the_route":"Du har forladt ruten.",
"you_have_returned_to_the_route":"Du er tilbage på ruten.",
"the_route_has_been_recalculated":"En ny rute er blevet beregnet.",
"follow_the_sign":"Følg skiltet.",
"in_250_meters":"Om 250 meter.",
"in_750_meters":"Om 750 meter.",
"in_two_kilometers":"Om to kilometer.",
"in_two_and_half_kilometers":"Om to en halv kilometer.",
"in_3_kilometers":"Om 3 kilometer.",
"in_one_and_half_miles":"Om halvanden mil.",
"in_two_miles":"Om to mil.",
"in_250_yards":"Om 250 yard.",
"in_750_yards":"Om 750 yard.",
"in_50_feet":"Om 50 fod.",
"in_100_feet":"Om 100 fod.",
"in_200_feet":"Om 200 fod.",
"in_300_feet":"Om 300 fod.",
"in_400_feet":"Om 400 fod.",
"in_500_feet":"Om 500 fod.",
"in_600_feet":"Om 600 fod.",
"in_700_feet":"Om 700 fod.",
"in_800_feet":"Om 800 fod.",
"in_900_feet":"Om 900 fod.",
"in_1000_feet":"Om 1.000 fod.",
"in_1500_feet":"Om 1.500 fod.",
"in_2000_feet":"Om 2.000 fod.",
"in_2500_feet":"Om 2.500 fod.",
"in_3000_feet":"Om 3.000 fod.",
"in_3500_feet":"Om 3.500 fod.",
"in_4000_feet":"Om 4.000 fod.",
"in_4500_feet":"Om 4.500 fod.",
"in_5000_feet":"Om 5.000 fod.",
"in_one_mile":"Om en mil."
}
