{
"make_a_slight_right_turn":"2시 방향 우회전입니다.",
"make_a_right_turn":"우회전입니다.",
"make_a_sharp_right_turn":"우측 급회전입니다.",
"enter_the_roundabout":"로터리 진입입니다.",
"leave_the_roundabout":"로터리에서 나갑니다.",
"make_a_slight_left_turn":"10시 방향 좌회전입니다.",
"make_a_left_turn":"좌회전입니다.",
"make_a_sharp_left_turn":"좌측 급회전입니다.",
"make_a_u_turn":"유턴입니다.",
"go_straight":"직진입니다.",
"destination":"목적지입니다.",
"you_have_reached_the_destination":"목적지에 도착했습니다.",
"in_50_meters":"50미터 앞",
"in_100_meters":"100 미터 앞",
"in_200_meters":"200 미터 앞",
"in_300_meters":"300 미터 앞",
"in_400_meters":"400 미터 앞",
"in_500_meters":"500 미터 앞",
"in_600_meters":"600 미터 앞",
"in_700_meters":"700 미터 앞",
"in_800_meters":"800 미터 앞",
"in_900_meters":"900 미터 앞",
"in_one_kilometer":"1킬로미터 앞",
"in_one_and_a_half_kilometer":"1.5킬로미터 앞",
"then":"그 다음",
"take_the_first_exit":"첫 번째 출구입니다.",
"take_the_second_exit":"두 번째 출구입니다.",
"take_the_third_exit":"세 번째 출구입니다.",
"take_the_4th_exit":"네 번째 출구입니다.",
"take_the_5th_exit":"다섯 번째 출구입니다.",
"take_the_6th_exit":"여섯 번째 출구입니다.",
"take_the_7th_exit":"일곱 번째 출구입니다.",
"take_the_8th_exit":"여덟 번째 출구입니다.",
"take_the_9th_exit":"아홉 번째 출구입니다.",
"take_the_10th_exit":"열 번째 출구입니다.",
"take_the_11th_exit":"열한 번째 출구입니다.",
"bear_left":"왼쪽 도로입니다.",
"bear_right":"오른쪽 도로입니다.",
"you_have_reached_the intermediate_point":"중간 지점에 도착했습니다.",
"intermediate_point":"중간 지점입니다.",
"enter_the highway":"고속도로에 진입합니다.",
"leave_the_highway":"고속도로에서 나갑니다.",
"follow_the_roundabout":"로터리를 따라갑니다.",
"you_have_left_the_route":"경로를 벗어났습니다.",
"you_have_returned_to_the_route":"경로로 다시 진입했습니다.",
"the_route_has_been_recalculated":"경로가 재설정되었습니다.",
"follow_the_sign":"표지판을 따라갑니다.",
"in_250_meters":"250 미터 앞",
"in_750_meters":"750 미터 앞",
"in_two_kilometers":"2킬로미터 앞",
"in_two_and_half_kilometers":"2.5킬로미터 앞",
"in_3_kilometers":"3킬로미터 앞",
"in_one_and_half_miles":"1.5마일 앞",
"in_two_miles":"2마일 앞",
"in_250_yards":"250야드 앞",
"in_750_yards":"750야드 앞",
"in_50_feet":"50피트 앞",
"in_100_feet":"100피트 앞",
"in_200_feet":"200피트 앞",
"in_300_feet":"300피트 앞",
"in_400_feet":"400피트 앞",
"in_500_feet":"500피트 앞",
"in_600_feet":"600피트 앞",
"in_700_feet":"700피트 앞",
"in_800_feet":"800피트 앞",
"in_900_feet":"900피트 앞",
"in_1000_feet":"1000피트 앞",
"in_1500_feet":"1500피트 앞",
"in_2000_feet":"2000피트 앞",
"in_2500_feet":"2500피트 앞",
"in_3000_feet":"3000피트 앞",
"in_3500_feet":"3500피트 앞",
"in_4000_feet":"4000피트 앞",
"in_4500_feet":"4500피트 앞",
"in_5000_feet":"5000피트 앞",
"in_one_mile":"1마일 앞"
}
