{
"make_a_slight_right_turn":"Плавный поворот направо.",
"make_a_right_turn":"Поворот направо.",
"make_a_sharp_right_turn":"Крутой поворот направо.",
"enter_the_roundabout":"На кольцо.",
"leave_the_roundabout":"С кольца.",
"make_a_slight_left_turn":"Плавный поворот налево.",
"make_a_left_turn":"Поворот налево.",
"make_a_sharp_left_turn":"Крутой поворот налево.",
"make_a_u_turn":"Разворот.",
"go_straight":"Двигайтесь прямо.",
"destination":"Пункт назначения.",
"you_have_reached_the_destination":"Вы достигли конца маршрута.",
"in_50_meters":"Через 50 метров.",
"in_100_meters":"Через 100 метров.",
"in_200_meters":"Через 200 метров.",
"in_300_meters":"Через 300 метров.",
"in_400_meters":"Через 400 метров.",
"in_500_meters":"Через 500 метров.",
"in_600_meters":"Через 600 метров.",
"in_700_meters":"Через 700 метров.",
"in_800_meters":"Через 800 метров.",
"in_900_meters":"Через 900 метров.",
"in_one_kilometer":"Через километр.",
"in_one_and_a_half_kilometer":"Через полтора километра.",
"then":"Затем.",
"take_the_first_exit":"Первый поворот с кольца.",
"take_the_second_exit":"Второй поворот с кольца.",
"take_the_third_exit":"Третий поворот с кольца.",
"take_the_4th_exit":"4-й поворот с кольца.",
"take_the_5th_exit":"5-й поворот с кольца.",
"take_the_6th_exit":"6-й поворот с кольца.",
"take_the_7th_exit":"7-й поворот с кольца.",
"take_the_8th_exit":"8-й поворот с кольца.",
"take_the_9th_exit":"9-й поворот с кольца.",
"take_the_10th_exit":"10-й поворот с кольца.",
"take_the_11th_exit":"11-й поворот с кольца.",
"bear_left":"Держитесь левее.",
"bear_right":"Держитесь правее.",
"you_have_reached_the intermediate_point":"Вы достигли промежуточной точки.",
"intermediate_point":"Промежуточная точка.",
"enter_the highway":"На магистраль.",
"leave_the_highway":"С магистрали.",
"follow_the_roundabout":"Оставайтесь на кольце.",
"you_have_left_the_route":"Вы ушли с маршрута.",
"you_have_returned_to_the_route":"Вы вернулись на маршрут.",
"the_route_has_been_recalculated":"Маршурт перепроложен.",
"follow_the_sign":"Следуйте знаку. ",
"in_250_meters":"Через 250 метров.",
"in_750_meters":"Через 750 метров.",
"in_two_kilometers":"Через 2 километра.",
"in_two_and_half_kilometers":"Через два с половиной километра.",
"in_3_kilometers":"Через 3 километра.",
"in_one_and_half_miles":"Через полторы мили.",
"in_two_miles":"Через две мили.",
"in_250_yards":"Через 250 ярдов.",
"in_750_yards":"Через 750 ярдов.",
"in_50_feet":"Через 50 футов.",
"in_100_feet":"Через 100 футов.",
"in_200_feet":"Через 200 футов.",
"in_300_feet":"Через 300 футов.",
"in_400_feet":"Через 400 футов.",
"in_500_feet":"Через 500 футов.",
"in_600_feet":"Через 600 футов.",
"in_700_feet":"Через 700 футов.",
"in_800_feet":"Через 800 футов.",
"in_900_feet":"Через 900 футов.",
"in_1000_feet":"Через 1000 футов.",
"in_1500_feet":"Через 1500 футов.",
"in_2000_feet":"Через 2000 футов.",
"in_2500_feet":"Через 2500 футов.",
"in_3000_feet":"Через 3000 футов.",
"in_3500_feet":"Через 3500 футов.",
"in_4000_feet":"Через 4000 футов.",
"in_4500_feet":"Через 4500 футов.",
"in_5000_feet":"Через 5000 футов.",
"in_one_mile":"Через одну милю."
}
