{
"make_a_slight_right_turn":"Sla schuin rechtsaf.",
"make_a_right_turn":"Sla rechtsaf.",
"make_a_sharp_right_turn":"Sla scherp rechtsaf.",
"enter_the_roundabout":"Rij de rotonde op.",
"leave_the_roundabout":"Verlaat de rotonde.",
"make_a_slight_left_turn":"Sla schuin linksaf.",
"make_a_left_turn":"Sla linksaf.",
"make_a_sharp_left_turn":"Sla scherp linksaf.",
"make_a_u_turn":"Keer om.",
"go_straight":"Rij rechtdoor.",
"destination":"Bestemming.",
"you_have_reached_the_destination":"U hebt de bestemming bereikt.",
"in_50_meters":"Over 50 meter:",
"in_100_meters":"Over 100 meter:",
"in_200_meters":"Over 200 meter:",
"in_300_meters":"Over 300 meter:",
"in_400_meters":"Over 400 meter:",
"in_500_meters":"Over 500 meter:",
"in_600_meters":"Over 600 meter:",
"in_700_meters":"Over 700 meter:",
"in_800_meters":"Over 800 meter:",
"in_900_meters":"Over 900 meter:",
"in_one_kilometer":"Over één kilometer:",
"in_one_and_a_half_kilometer":"Over anderhalve kilometer:",
"then":"Daarna:",
"take_the_first_exit":"Neem de eerste afslag.",
"take_the_second_exit":"Neem de tweede afslag.",
"take_the_third_exit":"Neem de derde afslag.",
"take_the_4th_exit":"Neem de vierde afslag.",
"take_the_5th_exit":"Neem de vijfde afslag.",
"take_the_6th_exit":"Neem de zesde afslag.",
"take_the_7th_exit":"Neem de zevende afslag.",
"take_the_8th_exit":"Neem de achtste afslag.",
"take_the_9th_exit":"Neem de negende afslag.",
"take_the_10th_exit":"Neem de tiende afslag.",
"take_the_11th_exit":"Neem de elfde afslag.",
"bear_left":"Houd links aan.",
"bear_right":"Houd rechts aan.",
"you_have_reached_the intermediate_point":"U bent halverwege.",
"intermediate_point":"Halverwege.",
"enter_the highway":"Rij de snelweg op.",
"leave_the_highway":"Verlaat de snelweg.",
"follow_the_roundabout":"Rij rechtdoor op de rotonde.",
"you_have_left_the_route":"U bent afgeweken van de route.",
"you_have_returned_to_the_route":"U volgt de route weer.",
"the_route_has_been_recalculated":"De route is opnieuw berekend.",
"follow_the_sign":"Volg het bord.",
"in_250_meters":"Over 250 meter:",
"in_750_meters":"Over 750 meter:",
"in_two_kilometers":"Over twee kilometer:",
"in_two_and_half_kilometers":"Over tweeëneenhalve kilometer:",
"in_3_kilometers":"Over drie kilometer:",
"in_one_and_half_miles":"Over anderhalve mijl:",
"in_two_miles":"Over twee mijl:",
"in_250_yards":"Over 250 yards:",
"in_750_yards":"Over 750 yards:",
"in_50_feet":"Over 50 feet:",
"in_100_feet":"Over 100 feet:",
"in_200_feet":"Over 200 feet:",
"in_300_feet":"Over 300 feet:",
"in_400_feet":"Over 400 feet:",
"in_500_feet":"Over 500 feet:",
"in_600_feet":"Over 600 feet:",
"in_700_feet":"Over 700 feet:",
"in_800_feet":"Over 800 feet:",
"in_900_feet":"Over 900 feet:",
"in_1000_feet":"Over 1000 feet:",
"in_1500_feet":"Over 1500 feet:",
"in_2000_feet":"Over 2000 feet:",
"in_2500_feet":"Over 2500 feet:",
"in_3000_feet":"Over 3000 feet:",
"in_3500_feet":"Over 3500 feet:",
"in_4000_feet":"Over 4000 feet:",
"in_4500_feet":"Over 4500 feet:",
"in_5000_feet":"Over 5000 feet:",
"in_one_mile":"Over één mijl:"
}
