{
"make_a_slight_right_turn":"हल्‍का दाएँ मुड़ें।",
"make_a_right_turn":"दाएँ मुड़ें।",
"make_a_sharp_right_turn":"तीव्र दायाँ मोड़ लें।",
"enter_the_roundabout":"गोल चक्‍कर में प्रवेश करें।",
"leave_the_roundabout":"गोल चक्‍कर से बाहर निकलें।",
"make_a_slight_left_turn":"हल्‍का बाएँ मुड़ें।",
"make_a_left_turn":"बाएँ मुड़ें।",
"make_a_sharp_left_turn":"तीव्र बायाँ मोड़ लें।",
"make_a_u_turn":"यू-टर्न लें।",
"go_straight":"सीधे चलें।",
"destination":"गंतव्‍य",
"you_have_reached_the_destination":"आप गंतव्‍य पर पहुँच गये हैं।",
"in_50_meters":"50 मीटर में।",
"in_100_meters":"100 मीटर में।",
"in_200_meters":"20 0 मीटर में।",
"in_300_meters":"30 0 मीटर में।",
"in_400_meters":"400 मीटर में।",
"in_500_meters":"500 मीटर में।",
"in_600_meters":"600 मीटर में।",
"in_700_meters":"700 मीटर में।",
"in_800_meters":"800 मीटर में।",
"in_900_meters":"900 मीटर में।",
"in_one_kilometer":"एक किलोमीटर में।",
"in_one_and_a_half_kilometer":"डेढ़ किलोमीटर में।",
"then":"फिर।",
"take_the_first_exit":"पहला एग्जिट लें।",
"take_the_second_exit":"दूसरा एग्जिट लें।",
"take_the_third_exit":"तीसरा एग्जिट लें।",
"take_the_4th_exit":"चौथा एग्जिट लें।",
"take_the_5th_exit":"पाँचवाँ एग्जिट लें।",
"take_the_6th_exit":"छठा एग्जिट लें।",
"take_the_7th_exit":"सातवाँ एग्जिट लें।",
"take_the_8th_exit":"आठवाँ एग्जिट लें।",
"take_the_9th_exit":"नौंवाँ एग्जिट लें।",
"take_the_10th_exit":"दसवाँ एग्जिट लें।",
"take_the_11th_exit":"ग्‍यारहवाँ एग्जिट लें।",
"bear_left":"बायीं ओर रहें।",
"bear_right":"दायीं ओर रहें।",
"you_have_reached_the intermediate_point":"आप मध्‍य बिंदु पर पहुँच गये हैं।",
"intermediate_point":"मध्‍य बिंदु",
"enter_the highway":"हाइवे में प्रवेश करें।",
"leave_the_highway":"हाइवे छोड़ दें।",
"follow_the_roundabout":"गोल चक्‍कर में चलें।",
"you_have_left_the_route":"आप रास्‍ते से भटक गये हैं।",
"you_have_returned_to_the_route":"आप रास्‍ते पर लौट आये हैं।",
"the_route_has_been_recalculated":"रास्‍ते की गणना फिर से कर ली गयी है।",
"follow_the_sign":"संकेत-चिन्‍ह का पालन करें।",
"in_250_meters":"250 मीटर में।",
"in_750_meters":"750 मीटर में।",
"in_two_kilometers":"दो किलोमीटर में।",
"in_two_and_half_kilometers":"ढाई किलोमीटर में।",
"in_3_kilometers":"3 किलोमीटर में।",
"in_one_and_half_miles":"डेढ़ मील में।",
"in_two_miles":"दो मील में।",
"in_250_yards":"250 गज़ में।",
"in_750_yards":"750 गज़ में।",
"in_50_feet":"50 फीट में।",
"in_100_feet":"100 फीट में।",
"in_200_feet":"200 फीट में।",
"in_300_feet":"300 फीट में।",
"in_400_feet":"400 फीट में।",
"in_500_feet":"500 फीट में।",
"in_600_feet":"600 फीट में।",
"in_700_feet":"700 फीट में।",
"in_800_feet":"800 फीट में।",
"in_900_feet":"900 फीट में।",
"in_1000_feet":"1000 फीट में।",
"in_1500_feet":"1500 फीट में।",
"in_2000_feet":"2000 फीट में।",
"in_2500_feet":"2500 फीट में।",
"in_3000_feet":"3000 फीट में।",
"in_3500_feet":"3500 फीट में।",
"in_4000_feet":"4000 फीट में।",
"in_4500_feet":"4500 फीट में।",
"in_5000_feet":"5000 फीट में।",
"in_one_mile":"एक मील में।"
}
