{
"make_a_slight_right_turn":"Odbočte mierne doprava.",
"make_a_right_turn":"Odbočte doprava.",
"make_a_sharp_right_turn":"Odbočte prudko doprava.",
"enter_the_roundabout":"Vojdite na kruhový objazd.",
"leave_the_roundabout":"Opustite kruhový objazd.",
"make_a_slight_left_turn":"Odbočte mierne doľava.",
"make_a_left_turn":"Odbočte doľava.",
"make_a_sharp_left_turn":"Odbočte prudko doľava.",
"make_a_u_turn":"Otočte sa o 180 stupňov.",
"go_straight":"Choďte rovno.",
"destination":"Cieľ.",
"you_have_reached_the_destination":"Dorazili ste do cieľa.",
"in_50_meters":"Po 50 metroch.",
"in_100_meters":"Po 100 metroch.",
"in_200_meters":"Po 200 metroch.",
"in_300_meters":"Po 300 metroch.",
"in_400_meters":"Po 400 metroch.",
"in_500_meters":"Po 500 metroch.",
"in_600_meters":"Po 600 metroch.",
"in_700_meters":"Po 700 metroch.",
"in_800_meters":"Po 800 metroch.",
"in_900_meters":"Po 900 metroch.",
"in_one_kilometer":"Po jednom kilometri.",
"in_one_and_a_half_kilometer":"Po jeden a pol kilometri.",
"then":"Potom.",
"take_the_first_exit":"Opustite kruhový objazd na prvom výjazde.",
"take_the_second_exit":"Opustite kruhový objazd na druhom výjazde.",
"take_the_third_exit":"Opustite kruhový objazd na treťom výjazde.",
"take_the_4th_exit":"Opustite kruhový objazd na 4. výjazde.",
"take_the_5th_exit":"Opustite kruhový objazd na 5. výjazde.",
"take_the_6th_exit":"Opustite kruhový objazd na 6. výjazde.",
"take_the_7th_exit":"Opustite kruhový objazd na 7. výjazde.",
"take_the_8th_exit":"Opustite kruhový objazd na 8. výjazde.",
"take_the_9th_exit":"Opustite kruhový objazd na 9. výjazde.",
"take_the_10th_exit":"Opustite kruhový objazd na 10. výjazde.",
"take_the_11th_exit":"Opustite kruhový objazd na 11. výjazde.",
"bear_left":"Držte sa vľavo.",
"bear_right":"Držte sa vpravo.",
"you_have_reached_the intermediate_point":"Dorazili ste do prechodného bodu.",
"intermediate_point":"Prechodný bod.",
"enter_the highway":"Vojdite na diaľnicu.",
"leave_the_highway":"Opustite diaľnicu.",
"follow_the_roundabout":"Zostaňte na kruhovom objazde.",
"you_have_left_the_route":"Zišli ste z plánovanej trasy.",
"you_have_returned_to_the_route":"Vrátili ste sa na plánovanú trasu.",
"the_route_has_been_recalculated":"Trasa bola prepočítaná.",
"follow_the_sign":"Sledujte dopravné značenie.",
"in_250_meters":"Po 250 metroch.",
"in_750_meters":"Po 750 metroch.",
"in_two_kilometers":"Po dvoch kilometroch.",
"in_two_and_half_kilometers":"Po dva a pol kilometri.",
"in_3_kilometers":"Po 3 kilometroch.",
"in_one_and_half_miles":"Po jeden a pol míli.",
"in_two_miles":"Po dvoch míľach.",
"in_250_yards":"Po 250 yardoch.",
"in_750_yards":"Po 750 yardoch.",
"in_50_feet":"Po 50 stopách.",
"in_100_feet":"Po 100 stopách.",
"in_200_feet":"Po 200 stopách.",
"in_300_feet":"Po 300 stopách.",
"in_400_feet":"Po 400 stopách.",
"in_500_feet":"Po 500 stopách.",
"in_600_feet":"Po 600 stopách.",
"in_700_feet":"Po 700 stopách.",
"in_800_feet":"Po 800 stopách.",
"in_900_feet":"Po 900 stopách.",
"in_1000_feet":"Po 1000 stopách.",
"in_1500_feet":"Po 1500 stopách.",
"in_2000_feet":"Po 2000 stopách.",
"in_2500_feet":"Po 2500 stopách.",
"in_3000_feet":"Po 3000 stopách.",
"in_3500_feet":"Po 3500 stopách.",
"in_4000_feet":"Po 4000 stopách.",
"in_4500_feet":"Po 4500 stopách.",
"in_5000_feet":"Po 5000 stopách.",
"in_one_mile":"Po jednej míli."
}
