{
"make_a_slight_right_turn":"ななめ右方向です。",
"make_a_right_turn":"右方向です。",
"make_a_sharp_right_turn":"大きく右方向です。",
"enter_the_roundabout":"ロータリー入口です。",
"leave_the_roundabout":"ロータリー出口です。",
"make_a_slight_left_turn":"ななめ左方向です。",
"make_a_left_turn":"左方向です。",
"make_a_sharp_left_turn":"大きく左方向です。",
"make_a_u_turn":"Uターンです。",
"go_straight":"直進です。",
"destination":"目的地です。",
"you_have_reached_the_destination":"目的地に到着しました。",
"in_50_meters":"50メートル先",
"in_100_meters":"100メートル先",
"in_200_meters":"200メートル先",
"in 300 meters":"300メートル先",
"in 400 meters":"400メートル先",
"in 500 meters":"500メートル先",
"in 600 meters":"600メートル先",
"in 700 meters":"700メートル先",
"in 800 meters":"800メートル先",
"in 900 meters":"900メートル先",
"in_one_kilometer":"1キロ先",
"in_one_and_a_half_kilometer":"1.5キロ先",
"then":"その先",
"take_the_first_exit":"1番目の出口です。",
"take_the_second_exit":"2番目の出口です。",
"take_the_third_exit":"3番目の出口です。",
"take_the_4th_exit":"4番目の出口です。",
"take_the_5th_exit":"5番目の出口です。",
"take_the_6th_exit":"6番目の出口です。",
"take_the_7th_exit":"7番目の出口です。",
"take_the_8th_exit":"8番目の出口です。",
"take_the_9th_exit":"9番目の出口です。",
"take_the_10th_exit":"10番目の出口です。",
"take_the_11th_exit":"11番目の出口です。",
"bear_left":"左方向です。",
"bear_right":"右方向です。",
"you_have_reached_the intermediate_point":"中間地点に到達しました。",
"intermediate_point":"中間地点。",
"enter_the highway":"高速道路入口です。",
"leave_the_highway":"高速道路出口です。",
"follow_the_roundabout":"ロータリーに従ってください。",
"you_have_left_the_route":"案内ルートを外れました。",
"you_have_returned_to_the_route":"案内ルートに戻りました。",
"the_route_has_been_recalculated":"ルートを作り直しています。",
"follow_the_sign":"道路標識に従ってください。",
"in_250_meters":"250メートル先",
"in_750_meters":"750メートル先",
"in_two_kilometers":"2キロ先",
"in_two_and_half_kilometers":"2.5キロ先",
"in_3_kilometers":"3キロ先",
"in_one_and_half_miles":"1.5マイル先",
"in_two_miles":"2マイル先",
"in_250_yards":"250ヤード先",
"in_750_yards":"750ヤード先",
"in_50_feet":"50フィート先",
"in_100_feet":"100フィート先",
"in_200_feet":"200フィート先",
"in_300_feet":"300フィート先",
"in_400_feet":"400フィート先",
"in_500_feet":"500フィート先",
"in_600_feet":"600フィート先",
"in_700_feet":"700フィート先",
"in_800_feet":"800フィート先",
"in_900_feet":"900フィート先",
"in_1000_feet":"1000フィート先",
"in_1500_feet":"1500フィート先",
"in_2000_feet":"2000フィート先",
"in_2500_feet":"2500フィート先",
"in 3000_feet":"3000フィート先",
"in 3500_feet":"3500フィート先",
"in_4000_feet":"4000フィート先",
"in_4500_feet":"4500フィート先",
"in_5000_feet":"5000フィート先",
"in_one_mile":"1マイル先"
}
