{
"make_a_slight_right_turn":"Odbočte mírně doprava.",
"make_a_right_turn":"Odbočte doprava.",
"make_a_sharp_right_turn":"Odbočte ostře doprava.",
"enter_the_roundabout":"Vjeďte na kruhový objezd.",
"leave_the_roundabout":"Opusťte kruhový objezd.",
"make_a_slight_left_turn":"Odbočte mírně doleva.",
"make_a_left_turn":"Odbočte doleva.",
"make_a_sharp_left_turn":"Odbočte ostře doleva.",
"make_a_u_turn":"Otočte se o 180 stupňů.",
"go_straight":"Jeďte rovně.",
"destination":"Cíl.",
"you_have_reached_the_destination":"Dorazili jste do cíle.",
"in_50_meters":"Za 50 metrů.",
"in_100_meters":"Za 100 metrů.",
"in_200_meters":"Za 200 metrů.",
"in_300_meters":"Za 300 metrů.",
"in_400_meters":"Za 400 metrů.",
"in_500_meters":"Za 500 metrů.",
"in_600_meters":"Za 600 metrů.",
"in_700_meters":"Za 700 metrů.",
"in_800_meters":"Za 800 metrů.",
"in_900_meters":"Za 900 metrů.",
"in_one_kilometer":"Za jeden kilometr.",
"in_one_and_a_half_kilometer":"Za jeden a půl kilometru.",
"then":"Poté.",
"take_the_first_exit":"Vyjeďte prvním výjezdem.",
"take_the_second_exit":"Vyjeďte druhým výjezdem.",
"take_the_third_exit":"Vyjeďte třetím výjezdem.",
"take_the_4th_exit":"Vyjeďte 4. výjezdem.",
"take_the_5th_exit":"Vyjeďte 5. výjezdem.",
"take_the_6th_exit":"Vyjeďte 6. výjezdem.",
"take_the_7th_exit":"Vyjeďte 7. výjezdem.",
"take_the_8th_exit":"Vyjeďte 8. výjezdem.",
"take_the_9th_exit":"Vyjeďte 9. výjezdem.",
"take_the_10th_exit":"Vyjeďte 10. výjezdem.",
"take_the_11th_exit":"Vyjeďte 11. výjezdem.",
"bear_left":"Držte se vlevo.",
"bear_right":"Držte se vpravo.",
"you_have_reached_the intermediate_point":"Dorazili jste do přechodného bodu.",
"intermediate_point":"Prostřední bod.",
"enter_the highway":"Vjeďte na dálnici.",
"leave_the_highway":"Opusťte dálnici.",
"follow_the_roundabout":"Jeďte po kruhovém objezdu.",
"you_have_left_the_route":"Opustili jste trasu.",
"you_have_returned_to_the_route":"Vrátili jste se na trasu.",
"the_route_has_been_recalculated":"Trasa byla přepočítána.",
"follow_the_sign":"Řiďte se dopravními značkami.",
"in_250_meters":"Za 250 metrů.",
"in_750_meters":"Za 750 metrů.",
"in_two_kilometers":"Za dva kilometry.",
"in_two_and_half_kilometers":"Za dva a půl kilometru.",
"in_3_kilometers":"Za 3 kilometry.",
"in_one_and_half_miles":"Za jednu a půl míle.",
"in_two_miles":"Za dvě míle.",
"in_250_yards":"Za 250 yardů.",
"in_750_yards":"Za 750 yardů.",
"in_50_feet":"Za 50 stop.",
"in_100_feet":"Za 100 stop.",
"in_200_feet":"Za 200 stop.",
"in_300_feet":"Za 300 stop.",
"in_400_feet":"Za 400 stop.",
"in_500_feet":"Za 500 stop.",
"in_600_feet":"Za 600 stop.",
"in_700_feet":"Za 700 stop.",
"in_800_feet":"Za 800 stop.",
"in_900_feet":"Za 900 stop.",
"in_1000_feet":"Za 1000 stop.",
"in_1500_feet":"Za 1500 stop.",
"in_2000_feet":"Za 2000 stop.",
"in_2500_feet":"Za 2500 stop.",
"in_3000_feet":"Za 3000 stop.",
"in_3500_feet":"Za 3500 stop.",
"in_4000_feet":"Za 4000 stop.",
"in_4500_feet":"Za 4500 stop.",
"in_5000_feet":"Za 5000 stop.",
"in_one_mile":"Za jednu míli."
}
