{
"make_a_slight_right_turn":"Forduljon kissé jobbra.",
"make_a_right_turn":"Forduljon jobbra.",
"make_a_sharp_right_turn":"Forduljon élesen jobbra.",
"enter_the_roundabout":"Hajtson be a körforgalomba.",
"leave_the_roundabout":"Hagyja el a körforgalmat.",
"make_a_slight_left_turn":"Forduljon kissé balra.",
"make_a_left_turn":"Forduljon balra.",
"make_a_sharp_left_turn":"Forduljon élesen balra.",
"make_a_u_turn":"Forduljon vissza.",
"go_straight":"Hajtson előre.",
"destination":"Az úti cél.",
"you_have_reached_the_destination":"Elérte az úticélját.",
"in_50_meters":"50 méter után.",
"in_100_meters":"100 méter után.",
"in_200_meters":"200 méter után.",
"in_300_meters":"300 méter után.",
"in_400_meters":"400 méter után.",
"in_500_meters":"500 méter után.",
"in_600_meters":"600 méter után.",
"in_700_meters":"700 méter után.",
"in_800_meters":"800 méter után.",
"in_900_meters":"900 méter után.",
"in_one_kilometer":"Egy kilométer után.",
"in_one_and_a_half_kilometer":"Másfél kilométer után.",
"then":"Majd.",
"take_the_first_exit":"Hajtson ki az első kijáratnál.",
"take_the_second_exit":"Hajtson ki a második kijáratnál.",
"take_the_third_exit":"Hajtson ki a harmadik kijáratnál.",
"take_the_4th_exit":"Hajtson ki a negyedik kijáratnál.",
"take_the_5th_exit":"Hajtson ki a ötödik kijáratnál.",
"take_the_6th_exit":"Hajtson ki a hatodik kijáratnál.",
"take_the_7th_exit":"Hajtson ki a hetedik kijáratnál.",
"take_the_8th_exit":"Hajtson ki a nyolcadik kijáratnál.",
"take_the_9th_exit":"Hajtson ki a kilencedik kijáratnál.",
"take_the_10th_exit":"Hajtson ki a tízedik kijáratnál.",
"take_the_11th_exit":"Hajtson ki a tizenegyedik kijáratnál.",
"bear_left":"Maradjon a bal oldalon.",
"bear_right":"Maradjon a jobb oldalon.",
"you_have_reached_the intermediate_point":"Elérte a közbenső pontot.",
"intermediate_point":"Közbenső pont.",
"enter_the highway":"Hajtson fel az autópályára.",
"leave_the_highway":"Hagyja el az autópályát.",
"follow_the_roundabout":"Kövesse a körforgalmat.",
"you_have_left_the_route":"Elhagyta az útvonalat.",
"you_have_returned_to_the_route":"Visszatért az útvonalra.",
"the_route_has_been_recalculated":"",
"follow_the_sign":"Kövesse a közlekedési tábla utasításait.",
"in_250_meters":"250 méter után.",
"in_750_meters":"750 méter után.",
"in_two_kilometers":"Két kilométer után.",
"in_two_and_half_kilometers":"Két és fél kilométer után.",
"in_3_kilometers":"3 kilométer után.",
"in_one_and_half_miles":"Másfél mérföld után.",
"in_two_miles":"Két mérföld után.",
"in_250_yards":"250 yard után.",
"in_750_yards":"750 yard után.",
"in_50_feet":"50 láb után.",
"in_100_feet":"100 láb után.",
"in_200_feet":"200 láb után.",
"in_300_feet":"300 láb után.",
"in_400_feet":"400 láb után.",
"in_500_feet":"500 láb után.",
"in_600_feet":"600 láb után.",
"in_700_feet":"700 láb után.",
"in_800_feet":"800 láb után.",
"in_900_feet":"900 láb után.",
"in_1000_feet":"1000 láb után.",
"in_1500_feet":"1500 láb után.",
"in_2000_feet":"2000 láb után.",
"in_2500_feet":"2500 láb után.",
"in_3000_feet":"3000 láb után.",
"in_3500_feet":"3500 láb után.",
"in_4000_feet":"4000 láb után.",
"in_4500_feet":"4500 láb után.",
"in_5000_feet":"5000 láb után.",
"in_one_mile":"Egy mérföld után."
}
