{
"make_a_slight_right_turn":"Skręć łagodnie w prawo.",
"make_a_right_turn":"Skręć w prawo.",
"make_a_sharp_right_turn":"Skręć ostro w prawo.",
"enter_the_roundabout":"Wjedź na rondo.",
"leave_the_roundabout":"Opuść rondo.",
"make_a_slight_left_turn":"Skręć łagodnie w lewo.",
"make_a_left_turn":"Skręć w lewo.",
"make_a_sharp_left_turn":"Skręć ostro w lewo.",
"make_a_u_turn":"Zawróć.",
"go_straight":"Jedź prosto.",
"destination":"Dojedziesz do celu.",
"you_have_reached_the_destination":"Dojeżdżasz do celu.",
"in_50_meters":"Za 50 metrów.",
"in_100_meters":"Za 100 metrów.",
"in_200_meters":"Za 200 metrów.",
"in 300 meters":"Za 300 metrów.",
"in 400 meters":"Za 400 metrów.",
"in 500 meters":"Za 500 metrów.",
"in 600 meters":"Za 600 metrów.",
"in 700 meters":"Za 700 metrów.",
"in 800 meters":"Za 800 metrów.",
"in 900 meters":"Za 900 metrów.",
"in_one_kilometer":"Za jeden kilometr.",
"in_one_and_a_half_kilometer":"Za półtora kilometra.",
"then":"Następnie.",
"take_the_first_exit":"Zjedź pierwszym zjazdem.",
"take_the_second_exit":"Zjedź drugim zjazdem.",
"take_the_third_exit":"Zjedź trzecim zjazdem.",
"take_the_4th_exit":"Zjedź czwartym zjazdem.",
"take_the_5th_exit":"Zjedź piątym zjazdem.",
"take_the_6th_exit":"Zjedź szóstym zjazdem.",
"take_the_7th_exit":"Zjedź siódmym zjazdem.",
"take_the_8th_exit":"Zjedź ósmym zjazdem.",
"take_the_9th_exit":"Zjedź dziewiątym zjazdem.",
"take_the_10th_exit":"Zjedź dziesiątym zjazdem.",
"take_the_11th_exit":"Zjedź jedenastym zjazdem.",
"bear_left":"Trzymaj się lewej.",
"bear_right":"Trzymaj się prawej.",
"you_have_reached_the intermediate_point":"Dojeżdżasz do punktu pośredniego.",
"intermediate_point":"Punkt pośredni.",
"enter_the highway":"Wjedź na autostradę.",
"leave_the_highway":"Opuść autostradę.",
"follow_the_roundabout":"Jedź przez rondo na wprost.",
"you_have_left_the_route":"Opuszczono wyznaczoną trasę.",
"you_have_returned_to_the_route":"Powracasz na wyznaczoną trasę.",
"the_route_has_been_recalculated":"Wyznaczono nową trasę.",
"follow_the_sign":"Zastosuj się do znaku.",
"in_250_meters":"Za 250 metrów.",
"in_750_meters":"Za 750 metrów.",
"in_two_kilometers":"Za 2 kilometry.",
"in_two_and_half_kilometers":"Za dwa i pół kilometra.",
"in_3_kilometers":"Za 3 kilometry.",
"in_one_and_half_miles":"Za półtorej mili.",
"in_two_miles":"Za dwie mile.",
"in_250_yards":"Za 250 jardów.",
"in_750_yards":"Za 750 jardów.",
"in_50_feet":"Za 50 stóp.",
"in_100_feet":"Za 100 stóp.",
"in_200_feet":"Za 200 stóp.",
"in_300_feet":"Za 300 stóp.",
"in_400_feet":"Za 400 stóp.",
"in_500_feet":"Za 500 stóp.",
"in_600_feet":"Za 600 stóp.",
"in_700_feet":"Za 700 stóp.",
"in_800_feet":"Za 800 stóp.",
"in_900_feet":"Za 900 stóp.",
"in_1000_feet":"Za 1000 stóp.",
"in_1500_feet":"Za 1500 stóp.",
"in_2000_feet":"Za 2000 stóp.",
"in_2500_feet":"Za 2500 stóp.",
"in 3000_feet":"Za 3000 stóp.",
"in 3500_feet":"Za 3500 stóp.",
"in_4000_feet":"Za 4000 stóp.",
"in_4500_feet":"Za 4500 stóp.",
"in_5000_feet":"Za 5000 stóp.",
"in_one_mile":"Za jedną milę."
}
