{
"make_a_slight_right_turn":"Geuka kulia kidogo.",
"make_a_right_turn":"Geuka kulia.",
"make_a_sharp_right_turn":"Geuka kulia kabisa.",
"enter_the_roundabout":"Ingia kwenye mzunguko.",
"leave_the_roundabout":"Ondoka kwenye mzunguko.",
"make_a_slight_left_turn":"Geuka kushoto kidogo.",
"make_a_left_turn":"Geuka kushoto.",
"make_a_sharp_left_turn":"Geuka kushoto kabisa.",
"make_a_u_turn":"Geuka urudi ulikotoka.",
"go_straight":"Pita kabisa.",
"destination":"Mwisho wa safari.",
"you_have_reached_the_destination":"Umefika mwisho wa safari.",
"in_50_meters":"Kabla ya mita 50.",
"in_100_meters":"Kabla ya mita 100.",
"in_200_meters":"Kabla ya mita 200.",
"in 300 meters":"Kabla ya mita 300.",
"in 400 meters":"Kabla ya mita 400.",
"in 500 meters":"Kabla ya mita 500.",
"in 600 meters":"Kabla ya mita 600.",
"in 700 meters":"Kabla ya mita 700.",
"in 800 meters":"Kabla ya mita 800.",
"in 900 meters":"Kabla ya mita 900.",
"in_one_kilometer":"Kabla ya kilomita moja",
"in_one_and_a_half_kilometer":"Kabla ya kilomita moja na nusu.",
"then":"Kisha.",
"take_the_first_exit":"Ingia barabara ya kwanza ya kutoka.",
"take_the_second_exit":"Ingia barabara ya pili ya kutoka.",
"take_the_third_exit":"Ingia barabara ya tatu ya kutoka.",
"take_the_4th_exit":"Ingia barabara ya 4 ya kutoka.",
"take_the_5th_exit":"Ingia barabara ya 5 ya kutoka.",
"take_the_6th_exit":"Ingia barabara ya 6 ya kutoka.",
"take_the_7th_exit":"Ingia barabara ya 7 ya kutoka.",
"take_the_8th_exit":"Ingia barabara ya 8 ya kutoka.",
"take_the_9th_exit":"Ingia barabara ya 9 ya kutoka.",
"take_the_10th_exit":"Ingia barabara ya 10 ya kutoka.",
"take_the_11th_exit":"Ingia barabara ya 11 ya kutoka.",
"bear_left":"Elekea kushoto.",
"bear_right":"Elekea kulia.",
"you_have_reached_the intermediate_point":"Umefika katikati ya safari yako.",
"intermediate_point":"Katikati ya safari",
"enter_the highway":"Ingia kwenye barabara kuu.",
"leave_the_highway":"Ondoka kwenye barabara kuu.",
"follow_the_roundabout":"Fuata mzunguko.",
"you_have_left_the_route":"Umeacha njia.",
"you_have_returned_to_the_route":"Umerudi kwenye njia.",
"the_route_has_been_recalculated":"Njia imekokotolewa upya.",
"follow_the_sign":"Fuata alama.",
"in_250_meters":"Kabla ya mita 250.",
"in_750_meters":"Kabla ya mita 750.",
"in_two_kilometers":"Kabla ya kilomita mbili.",
"in_two_and_half_kilometers":"Kabla ya kilomita mbili na nusu.",
"in_3_kilometers":"Kabla ya kilomita 3.",
"in_one_and_half_miles":"Kabla ya maili moja na nusu.",
"in_two_miles":"Kabla ya maili mbili.",
"in_250_yards":"Kabla ya yadi 250.",
"in_750_yards":"Kabla ya yadi 750.",
"in_50_feet":"Kabla ya futi 50.",
"in_100_feet":"Kabla ya futi 100.",
"in_200_feet":"Kabla ya futi 200.",
"in_300_feet":"Kabla ya futi 300.",
"in_400_feet":"Kabla ya futi 400.",
"in_500_feet":"Kabla ya futi 500",
"in_600_feet":"Kabla ya futi 600.",
"in_700_feet":"Kabla ya futi 700.",
"in_800_feet":"Kabla ya futi 800.",
"in_900_feet":"Kabla ya futi 900.",
"in_1000_feet":"Kabla ya futi 1000.",
"in_1500_feet":"Kabla ya futi 1500.",
"in_2000_feet":"Kabla ya futi 2000.",
"in_2500_feet":"Kabla ya futi 2500.",
"in 3000_feet":"Kabla ya futi 3000.",
"in 3500_feet":"Kabla ya futi 3500.",
"in_4000_feet":"Kabla ya futi 4000.",
"in_4500_feet":"Kabla ya futi 4500.",
"in_5000_feet":"Kabla ya futi 5000.",
"in_one_mile":"Kabla ya maili moja."
}
