{
"make_a_slight_right_turn":"Gira leggermente a destra.",
"make_a_right_turn":"Gira a destra.",
"make_a_sharp_right_turn":"Curva stretta a destra.",
"enter_the_roundabout":"Entra nella rotonda.",
"leave_the_roundabout":"Esci dalla rotonda.",
"make_a_slight_left_turn":"Gira leggermente a sinistra.",
"make_a_left_turn":"Gira a sinistra.",
"make_a_sharp_left_turn":"Curva stretta a sinistra.",
"make_a_u_turn":"Effettua un'inversione a U.",
"go_straight":"Sempre dritto.",
"destination":"Destinazione.",
"you_have_reached_the_destination":"Hai raggiunto la destinazione.",
"in_50_meters":"Tra 50 metri.",
"in_100_meters":"Tra 100 metri.",
"in_200_meters":"Tra 200 metri.",
"in 300 meters":"Tra 300 metri.",
"in 400 meters":"Tra 400 metri.",
"in 500 meters":"Tra 500 metri.",
"in 600 meters":"Tra 600 metri.",
"in 700 meters":"Tra 700 metri.",
"in 800 meters":"Tra 800 metri.",
"in 900 meters":"Tra 900 metri.",
"in_one_kilometer":"Tra un chilometro.",
"in_one_and_a_half_kilometer":"Tra un chilometro e mezzo.",
"then":"Quindi.",
"take_the_first_exit":"Prendi la prima uscita.",
"take_the_second_exit":"Prendi la seconda uscita.",
"take_the_third_exit":"Prendi la terza uscita.",
"take_the_4th_exit":"Prendi la quarta uscita.",
"take_the_5th_exit":"Prendi la quinta uscita.",
"take_the_6th_exit":"Prendi la sesta uscita.",
"take_the_7th_exit":"Prendi la settima uscita.",
"take_the_8th_exit":"Prendi l'ottava uscita.",
"take_the_9th_exit":"Prendi la nona uscita.",
"take_the_10th_exit":"Prendi la decima uscita.",
"take_the_11th_exit":"Prendi l'undicesima uscita.",
"bear_left":"Tieni la sinistra.",
"bear_right":"Tieni la destra.",
"you_have_reached_the intermediate_point":"Hai raggiunto il punto intermedio.",
"intermediate_point":"Punto intermedio.",
"enter_the highway":"Entra in autostrada.",
"leave_the_highway":"Lascia l'autostrada.",
"follow_the_roundabout":"Percorri la rotonda.",
"you_have_left_the_route":"Hai lasciato il percorso.",
"you_have_returned_to_the_route":"Sei rientrato nel percorso.",
"the_route_has_been_recalculated":"Il percorso è stato ricalcolato.",
"follow_the_sign":"Segui il cartello.",
"in_250_meters":"Tra 250 metri.",
"in_750_meters":"Tra 750 metri.",
"in_two_kilometers":"Tra due chilometri.",
"in_two_and_half_kilometers":"Tra due chilometri e mezzo.",
"in_3_kilometers":"Tra tre chilometri.",
"in_one_and_half_miles":"Tra un miglio e mezzo.",
"in_two_miles":"Tra due miglia.",
"in_250_yards":"Tra 250 yarde.",
"in_750_yards":"Tra 750 yarde.",
"in_50_feet":"Tra 50 piedi.",
"in_100_feet":"Tra 100 piedi.",
"in_200_feet":"Tra 200 piedi.",
"in_300_feet":"Tra 300 piedi.",
"in_400_feet":"Tra 400 piedi.",
"in_500_feet":"Tra 500 piedi.",
"in_600_feet":"Tra 600 piedi.",
"in_700_feet":"Tra 700 piedi.",
"in_800_feet":"Tra 800 piedi.",
"in_900_feet":"Tra 900 piedi.",
"in_1000_feet":"Tra 1000 piedi.",
"in_1500_feet":"Tra 1500 piedi.",
"in_2000_feet":"Tra 2000 piedi.",
"in_2500_feet":"Tra 2500 piedi.",
"in 3000_feet":"Tra 3000 piedi.",
"in 3500_feet":"Tra 3500 piedi.",
"in_4000_feet":"Tra 4000 piedi.",
"in_4500_feet":"Tra 4500 piedi.",
"in_5000_feet":"Tra 5000 piedi.",
"in_one_mile":"Tra un miglio."
}
