{
"make_a_slight_right_turn":"Întoarceți ușor la dreapta.",
"make_a_right_turn":"Întoarceți la dreapta.",
"make_a_sharp_right_turn":"Întoarceți brusc la dreapta.",
"enter_the_roundabout":"Intrați în sensul giratoriu.",
"leave_the_roundabout":"Ieșiți din sensul giratoriu.",
"make_a_slight_left_turn":"Întoarceți ușor la stânga.",
"make_a_left_turn":"Întoarceți la stânga.",
"make_a_sharp_left_turn":"Întoarceți brusc la dreapta.",
"make_a_u_turn":"Întoarceți-vă cu 180 de grade.",
"go_straight":"Mergeți înainte.",
"destination":"Destinația.",
"you_have_reached_the_destination":"Ați ajuns la destinație.",
"in_50_meters":"După 50 de metri.",
"in_100_meters":"După 100 de metri.",
"in_200_meters":"După 200 de metri.",
"in_300_meters":"După 300 de metri.",
"in_400_meters":"După 400 de metri.",
"in_500_meters":"După 500 de metri.",
"in_600_meters":"După 600 de metri.",
"in_700_meters":"După 700 de metri.",
"in_800_meters":"După 800 de metri.",
"in_900_meters":"După 900 de metri.",
"in_one_kilometer":"După un kilometru.",
"in_one_and_a_half_kilometer":"După un kilometru și jumătate.",
"then":"Apoi.",
"take_the_first_exit":"Folosiți prima ieșire.",
"take_the_second_exit":"Folosiți a doua ieșire.",
"take_the_third_exit":"Folosiți a treia ieșire.",
"take_the_4th_exit":"Folosiți a patra ieșire.",
"take_the_5th_exit":"Folosiți a cincea ieșire.",
"take_the_6th_exit":"Folosiți a șasea ieșire.",
"take_the_7th_exit":"Folosiți a șaptea ieșire.",
"take_the_8th_exit":"Folosiți a opta ieșire.",
"take_the_9th_exit":"Folosiți a noua ieșire.",
"take_the_10th_exit":"Folosiți a zecea ieșire.",
"take_the_11th_exit":"Folosiți a unsprezecea ieșire.",
"bear_left":"Rămâneți pe stânga.",
"bear_right":"Rămâneți pe dreapta.",
"you_have_reached_the intermediate_point":"Ați atins punctul intermediar.",
"intermediate_point":"Punct intermediar.",
"enter_the highway":"Intrați pe autostradă.",
"leave_the_highway":"Părăsiți autostrada.",
"follow_the_roundabout":"Urmați sensul giratoriu.",
"you_have_left_the_route":"Ați părăsit ruta.",
"you_have_returned_to_the_route":"V-ați reîntors pe rută.",
"the_route_has_been_recalculated":"Ruta a fost recalculată.",
"follow_the_sign":"Urmați semnul de circulație.",
"in_250_meters":"După 250 de metri.",
"in_750_meters":"După 750 de metri.",
"in_two_kilometers":"După doi kilometri.",
"in_two_and_half_kilometers":"După doi kilometri și jumătate.",
"in_3_kilometers":"După 3 kilometri.",
"in_one_and_half_miles":"După o milă și jumătate.",
"in_two_miles":"După două mile.",
"in_250_yards":"După 250 de yarzi.",
"in_750_yards":"După 750 de yarzi.",
"in_50_feet":"După 50 de picioare.",
"in_100_feet":"După 100 de picioare",
"in_200_feet":"După 200 de picioare",
"in_300_feet":"După 300 de picioare",
"in_400_feet":"După 400 de picioare",
"in_500_feet":"După 500 de picioare",
"in_600_feet":"După 600 de picioare",
"in_700_feet":"După 700 de picioare",
"in_800_feet":"După 800 de picioare",
"in_900_feet":"După 900 de picioare",
"in_1000_feet":"După 1000 de picioare",
"in_1500_feet":"După 1500 de picioare",
"in_2000_feet":"După 2000 de picioare",
"in_2500_feet":"După 2500 de picioare",
"in_3000_feet":"După 3000 de picioare",
"in_3500_feet":"După 3500 de picioare",
"in_4000_feet":"După 4000 de picioare",
"in_4500_feet":"După 4500 de picioare",
"in_5000_feet":"După 5000 de picioare",
"in_one_mile":"După o milă."
}
