{
"make_a_slight_right_turn":"Ανοιχτή στροφή δεξιά.",
"make_a_right_turn":"Στρίψτε δεξιά.",
"make_a_sharp_right_turn":"Κλειστή στροφή δεξιά.",
"enter_the_roundabout":"Μπείτε στον κυκλικό κόμβο.",
"leave_the_roundabout":"Βγείτε από τον κυκλικό κόμβο.",
"make_a_slight_left_turn":"Ανοιχτή στροφή αριστερά.",
"make_a_left_turn":"Στρίψτε αριστερά.",
"make_a_sharp_left_turn":"Κλειστή στροφή αριστερά.",
"make_a_u_turn":"Κάντε αναστροφή.",
"go_straight":"Συνεχίστε ευθεία.",
"destination":"βρίσκεται ο προορισμός σας.",
"you_have_reached_the_destination":"Φτάσατε στον προορισμό σας.",
"in_50_meters":"Σε 50 μέτρα.",
"in_100_meters":"Σε 100 μέτρα.",
"in_200_meters":"Σε 200 μέτρα.",
"in_300_meters":"Σε 300 μέτρα.",
"in_400_meters":"Σε 400 μέτρα.",
"in_500_meters":"Σε 500 μέτρα.",
"in_600_meters":"Σε 600 μέτρα.",
"in_700_meters":"Σε 700 μέτρα.",
"in_800_meters":"Σε 800 μέτρα.",
"in_900_meters":"Σε 900 μέτρα.",
"in_one_kilometer":"Σε ένα χιλιόμετρο.",
"in_one_and_a_half_kilometer":"Σε ενάμιση χιλιόμετρο.",
"then":"Στη συνέχεια.",
"take_the_first_exit":"Πάρτε την πρώτη έξοδο.",
"take_the_second_exit":"Πάρτε τη δεύτερη έξοδο.",
"take_the_third_exit":"Πάρτε την τρίτη έξοδο.",
"take_the_4th_exit":"Πάρτε την τέταρτη έξοδο.",
"take_the_5th_exit":"Πάρτε την πέμπτη έξοδο.",
"take_the_6th_exit":"Πάρτε την έκτη έξοδο.",
"take_the_7th_exit":"Πάρτε την έβδομη έξοδο.",
"take_the_8th_exit":"Πάρτε την όγδοη έξοδο.",
"take_the_9th_exit":"Πάρτε την έννατη έξοδο.",
"take_the_10th_exit":"Πάρτε τη δέκατη έξοδο.",
"take_the_11th_exit":"Πάρτε την ενδέκατη έξοδο.",
"bear_left":"Μείνετε αριστερά.",
"bear_right":"Μείνετε δεξιά.",
"you_have_reached_the intermediate_point":"Φτάσατε στο ενδιάμεσο σημείο.",
"intermediate_point":"Ενδιάμεσο σημείο.",
"enter_the highway":"Μπείτε στον αυτοκινητόδρομο.",
"leave_the_highway":"Βγείτε από τον αυτοκινητόδρομο.",
"follow_the_roundabout":"Μείνετε στον κυκλικό κόμβο.",
"you_have_left_the_route":"Εγκαταλείψατε τη διαδρομή σας.",
"you_have_returned_to_the_route":"Επιστρέψατε στη διαδρομή σας.",
"the_route_has_been_recalculated":"Έγινε επανυπολογισμός διαδρομής.",
"follow_the_sign":"Ακολουθήστε την πινακίδα.",
"in_250_meters":"Σε 250 μέτρα.",
"in_750_meters":"Σε 750 μέτρα.",
"in_two_kilometers":"Σε δύο χιλιόμετρα.",
"in_two_and_half_kilometers":"Σε τρισήμιση χιλιόμετρα.",
"in_3_kilometers":"Σε τρία χιλιόμετρα.",
"in_one_and_half_miles":"Σε ενάμιση μίλι.",
"in_two_miles":"Σε δύο μίλια.",
"in_250_yards":"Σε 250 γιάρδες.",
"in_750_yards":"Σε 750 γιάρδες.",
"in_50_feet":"Σε 50 πόδια.",
"in_100_feet":"Σε 100 πόδια.",
"in_200_feet":"Σε 200 πόδια.",
"in_300_feet":"Σε 300 πόδια.",
"in_400_feet":"Σε 400 πόδια.",
"in_500_feet":"Σε 500 πόδια.",
"in_600_feet":"Σε 600 πόδια.",
"in_700_feet":"Σε 700 πόδια.",
"in_800_feet":"Σε 800 πόδια.",
"in_900_feet":"Σε 900 πόδια.",
"in_1000_feet":"Σε 1000 πόδια.",
"in_1500_feet":"Σε 1500 πόδια.",
"in_2000_feet":"Σε 2000 πόδια.",
"in_2500_feet":"Σε 2500 πόδια.",
"in_3000_feet":"Σε 3000 πόδια.",
"in_3500_feet":"Σε 3500 πόδια.",
"in_4000_feet":"Σε 4000 πόδια.",
"in_4500_feet":"Σε 4500 πόδια.",
"in_5000_feet":"Σε 5000 πόδια.",
"in_one_mile":"Σε ένα μίλι."
}
