{
"make_a_slight_right_turn":"Skrenite blago udesno.",
"make_a_right_turn":"Skrenite udesno.",
"make_a_sharp_right_turn":"Skrenite oštro udesno.",
"enter_the_roundabout":"Uđite na zaobilaznicu.",
"leave_the_roundabout":"Izađite sa zaobilaznice.",
"make_a_slight_left_turn":"Skrenite blago ulijevo.",
"make_a_left_turn":"Skrenite ulijevo.",
"make_a_sharp_left_turn":"Skrenite oštro ulijevo.",
"make_a_u_turn":"Napravite poluzaokret.",
"go_straight":"Idite ravno.",
"destination":"Odredište",
"you_have_reached_the_destination":"Stigli ste na odredište.",
"in_50_meters":"Za 50 metara.",
"in_100_meters":"Za 100 metara.",
"in_200_meters":"Za 200 metara.",
"in 300 meters":"Za 300 metara.",
"in 400 meters":"Za 400 metara.",
"in 500 meters":"Za 500 metara.",
"in 600 meters":"Za 600 metara.",
"in 700 meters":"Za 700 metara.",
"in 800 meters":"Za 800 metara.",
"in 900 meters":"Za 900 metara.",
"in_one_kilometer":"Za jedan kilometar.",
"in_one_and_a_half_kilometer":"Za jedan i pol kilometar.",
"then":"Zatim",
"take_the_first_exit":"Izađite na prvom izlazu.",
"take_the_second_exit":"Izađite na drugom izlazu.",
"take_the_third_exit":"Izađite na trećem izlazu.",
"take_the_4th_exit":"Izađite na 4. izlazu.",
"take_the_5th_exit":"Izađite na 5. izlazu.",
"take_the_6th_exit":"Izađite na 6. izlazu.",
"take_the_7th_exit":"Izađite na 7. izlazu.",
"take_the_8th_exit":"Izađite na 8. izlazu.",
"take_the_9th_exit":"Izađite na 9. izlazu.",
"take_the_10th_exit":"Izađite na 10. izlazu.",
"take_the_11th_exit":"Izađite na 11. izlazu.",
"bear_left":"Lijevo.",
"bear_right":"Desno.",
"you_have_reached_the intermediate_point":"Došli ste do međutočke.",
"intermediate_point":"Međutočka.",
"enter_the highway":"Uđite na autoput.",
"leave_the_highway":"Izađite s autoputa.",
"follow_the_roundabout":"Slijedite zaobilaznicu.",
"you_have_left_the_route":"Napustili ste određenu rutu.",
"you_have_returned_to_the_route":"Vratili ste se na određenu rutu.",
"the_route_has_been_recalculated":"Ruta je preračunata.",
"follow_the_sign":"Slijedite znak.",
"in_250_meters":"Za 250 metara.",
"in_750_meters":"Za 750 metara.",
"in_two_kilometers":"Za dva kilometra.",
"in_two_and_half_kilometers":"Za dva i pol kilometra.",
"in_3_kilometers":"Za 3 kilometra.",
"in_one_and_half_miles":"Za jednu i pol milju.",
"in_two_miles":"Za dvije milje.",
"in_250_yards":"Za 250 jarda.",
"in_750_yards":"Za 750 jarda.",
"in_50_feet":"Za 50 stopa.",
"in_100_feet":"Za 100 stopa.",
"in_200_feet":"Za 200 stopa.",
"in_300_feet":"Za 300 stopa.",
"in_400_feet":"Za 400 stopa.",
"in_500_feet":"Za 500 stopa.",
"in_600_feet":"Za 600 stopa.",
"in_700_feet":"Za 700 stopa.",
"in_800_feet":"Za 800 stopa.",
"in_900_feet":"Za 900 stopa.",
"in_1000_feet":"Za 1000 stopa.",
"in_1500_feet":"Za 1500 stopa.",
"in_2000_feet":"Za 2000 stopa.",
"in_2500_feet":"Za 2500 stopa.",
"in 3000_feet":"Za 3000 stopa.",
"in 3500_feet":"Za 3500 stopa.",
"in_4000_feet":"Za 4000 stopa.",
"in_4500_feet":"Za 4500 stopa.",
"in_5000_feet":"Za 5000 stopa.",
"in_one_mile":"Za jednu milju."
}
