{
"make_a_slight_right_turn":"เบี่ยงขวาเล็กน้อย",
"make_a_right_turn":"เลี้ยวขวา",
"make_a_sharp_right_turn":"เลี้ยวขวาหักศอก",
"enter_the_roundabout":"เข้าสู่วงเวียน",
"leave_the_roundabout":"ออกจากวงเวียน",
"make_a_slight_left_turn":"เบี่ยงซ้ายเล็กน้อย",
"make_a_left_turn":"เลี้ยวซ้าย",
"make_a_sharp_left_turn":"เลี้ยวซ้ายหักศอก",
"make_a_u_turn":"กลับรถ",
"go_straight":"ตรงไป",
"destination":"ที่หมาย",
"you_have_reached_the_destination":"คุณมาถึงที่หมายแล้ว",
"in_50_meters":"อีก 50 เมตร",
"in_100_meters":"อีก 100 เมตร",
"in_200_meters":"อีก 200 เมตร",
"in_300_meters":"อีก 300 เมตร",
"in_400_meters":"อีก 400 เมตร",
"in_500_meters":"อีก 500 เมตร",
"in_600_meters":"อีก 600 เมตร",
"in_700_meters":"อีก 700 เมตร",
"in_800_meters":"อีก 800 เมตร",
"in_900_meters":"อีก 900 เมตร",
"in_one_kilometer":"อีก 1 กิโลเมตร",
"in_one_and_a_half_kilometer":"อีก 1 กิโลเมตรครึ่ง",
"then":"จากนั้น",
"take_the_first_exit":"ออกทางออกที่ 1",
"take_the_second_exit":"ออกทางออกที่ 2",
"take_the_third_exit":"ออกทางออกที่ 3",
"take_the_4th_exit":"ออกทางออกที่ 4",
"take_the_5th_exit":"ออกทางออกที่ 5",
"take_the_6th_exit":"ออกทางออกที่ 6",
"take_the_7th_exit":"ออกทางออกที่ 7",
"take_the_8th_exit":"ออกทางออกที่ 8",
"take_the_9th_exit":"ออกทางออกที่ 9",
"take_the_10th_exit":"ออกทางออกที่ 10",
"take_the_11th_exit":"ออกทางออกที่ 11",
"bear_left":"ชิดซ้าย",
"bear_right":"ชิดขวา",
"you_have_reached_the intermediate_point":"คุณมาถึงจุดแวะพักแล้ว",
"intermediate_point":"จุดแวะพัก",
"enter_the highway":"เข้าสู่ทางหลวง",
"leave_the_highway":"ออกจากทางหลวง",
"follow_the_roundabout":"ขับไปตามวงเวียน",
"you_have_left_the_route":"คุณออกนอกเส้นทางแล้ว",
"you_have_returned_to_the_route":"คุณกลับสู่เส้นทางแล้ว",
"the_route_has_been_recalculated":"คำนวณเส้นทางใหม่แล้ว",
"follow_the_sign":"ทำตามป้ายสัญญาณ",
"in_250_meters":"อีก 250 เมตร",
"in_750_meters":"อีก 750 เมตร",
"in_two_kilometers":"อีก 2 กิโลเมตร",
"in_two_and_half_kilometers":"อีก 2 กิโลเมตรครึ่ง",
"in_3_kilometers":"อีก 3 กิโลเมตร",
"in_one_and_half_miles":"อีก 1 ไมล์ครึ่ง",
"in_two_miles":"อีก 2 ไมล์",
"in_250_yards":"อีก 250 หลา",
"in_750_yards":"อีก 750 หลา",
"in_50_feet":"อีก 50 ฟุต",
"in_100_feet":"อีก 100 ฟุต",
"in_200_feet":"อีก 200 ฟุต",
"in_300_feet":"อีก 300 ฟุต",
"in_400_feet":"อีก 400 ฟุต",
"in_500_feet":"อีก 500 ฟุต",
"in_600_feet":"อีก 600 ฟุต",
"in_700_feet":"อีก 700 ฟุต",
"in_800_feet":"อีก 800 ฟุต",
"in_900_feet":"อีก 900 ฟุต",
"in_1000_feet":"อีก 1000 ฟุต",
"in_1500_feet":"อีก 1500 ฟุต",
"in_2000_feet":"อีก 2000 ฟุต",
"in_2500_feet":"อีก 2500 ฟุต",
"in_3000_feet":"อีก 3000 ฟุต",
"in_3500_feet":"อีก 3500 ฟุต",
"in_4000_feet":"อีก 4000 ฟุต",
"in_4500_feet":"อีก 4500 ฟุต",
"in_5000_feet":"อีก 5000 ฟุต",
"in_one_mile":"อีก 1 ไมล์"
}
