{
"make_a_slight_right_turn":"Make a slight right turn.",
"make_a_right_turn":"Make a right turn.",
"make_a_sharp_right_turn":"Make a sharp right turn.",
"enter_the_roundabout":"Enter the roundabout.",
"leave_the_roundabout":"Leave the roundabout.",
"make_a_slight_left_turn":"Make a slight left turn.",
"make_a_left_turn":"Make a left turn.",
"make_a_sharp_left_turn":"Make a sharp left turn.",
"make_a_u_turn":"Make a u-turn.",
"go_straight":"Go straight.",
"destination":"Destination",
"you_have_reached_the_destination":"You have reached the destination.",
"in_50_meters":"In 50 meters.",
"in_100_meters":"In 100 meters.",
"in_200_meters":"In 200 meters.",
"in 300 meters":"In 300 meters.",
"in 400 meters":"In 400 meters.",
"in 500 meters":"In 500 meters..",
"in 600 meters":"In 600 meters.",
"in 700 meters":"In 700 meters.",
"in 800 meters":"In 800 meters.",
"in 900 meters":"In 900 meters.",
"in_one_kilometer":"In one kilometer.",
"in_one_and_a_half_kilometer":"In one and a half kilometer.",
"then":"Then.",
"take_the_first_exit":"Take the first exit.",
"take_the_second_exit":"Take the second exit.",
"take_the_third_exit":"Take the third exit.",
"take_the_4th_exit":"Take the 4th exit.",
"take_the_5th_exit":"Take the 5th exit.",
"take_the_6th_exit":"Take the 6th exit.",
"take_the_7th_exit":"Take the 7th exit.",
"take_the_8th_exit":"Take the 8th exit.",
"take_the_9th_exit":"Take the 9th exit.",
"take_the_10th_exit":"Take the 10th exit.",
"take_the_11th_exit":"Take the 11th exit.",
"bear_left":"Bear left.",
"bear_right":"Bear right.",
"you_have_reached_the intermediate_point":"You have reached the intermediate point.",
"intermediate_point":"Intermediate point",
"enter_the highway":"Enter the highway.",
"leave_the_highway":"Leave the highway.",
"follow_the_roundabout":"Follow the roundabout.",
"you_have_left_the_route":"You have left the route.",
"you_have_returned_to_the_route":"You have returned to the route.",
"the_route_has_been_recalculated":"The route has been recalculated.",
"follow_the_sign":"Follow the sign.",
"in_250_meters":"In 250 meters.",
"in_750_meters":"In 750 meters.",
"in_two_kilometers":"In two kilometers.",
"in_two_and_half_kilometers":"In two and half kilometers.",
"in_3_kilometers":"In 3 kilometers.",
"in_one_and_half_miles":"In one and half miles.",
"in_two_miles":"In two miles.",
"in_250_yards":"In 250 yards.",
"in_750_yards":"In 750 yards.",
"in_50_feet":"In 50 feet.",
"in_100_feet":"In 100 feet.",
"in_200_feet":"In 200 feet.",
"in_300_feet":"In 300 feet.",
"in_400_feet":"In 400 feet.",
"in_500_feet":"In 500 feet.",
"in_600_feet":"In 600 feet.",
"in_700_feet":"In 700 feet.",
"in_800_feet":"In 800 feet.",
"in_900_feet":"In 900 feet.",
"in_1000_feet":"In 1000 feet.",
"in_1500_feet":"In 1500 feet.",
"in_2000_feet":"In 2000 feet.",
"in_2500_feet":"In 2500 feet.",
"in 3000_feet":"In 3000 feet.",
"in 3500_feet":"In 3500 feet.",
"in_4000_feet":"In 4000 feet.",
"in_4500_feet":"In 4500 feet.",
"in_5000_feet":"In 5000 feet.",
"in_one_mile":"In one mile."
}
