{
"make_a_slight_right_turn":"انعطف تجاه اليمين قليلاً",
"make_a_right_turn":"انعطف تجاه اليمين.",
"make_a_sharp_right_turn":"انعطف بحدة تجاه اليمين",
"enter_the_roundabout":"اتجه إلى الطريق الدوار",
"leave_the_roundabout":"اخرج من الطريق الدوار",
"make_a_slight_left_turn":"انعطف تجاه اليسار قليلاً",
"make_a_left_turn":"انعطف تجاه اليسار",
"make_a_sharp_left_turn":"انعطف بحدة تجاه اليسار",
"make_a_u_turn":"انعطف بدوران كامل",
"go_straight":"انطلق مباشرة",
"destination":"الوجهة",
"you_have_reached_the_destination":"لقد وصلت إلى وجهتك",
"in_50_meters":"بعد 50 مترًا",
"in_100_meters":"بعد 100 متر",
"in_200_meters":"بعد 200 متر",
"in 300 meters":"بعد 300 متر",
"in 400 meters":"بعد 400 متر",
"in 500 meters":"بعد 500 متر",
"in 600 meters":"بعد 600 متر",
"in 700 meters":"بعد 700 متر",
"in 800 meters":"بعد 800 متر",
"in 900 meters":"بعد 900 متر",
"in_one_kilometer":"بعد كيلو متر واحدٍ",
"in_one_and_a_half_kilometer":"بعد كيلو متر ونصف",
"then":"ثم",
"take_the_first_exit":"اسلك المخرج الأول",
"take_the_second_exit":"اسلك المخرج الثاني",
"take_the_third_exit":"اسلك المخرج الثالث",
"take_the_4th_exit":"اسلك المخرج الرابع",
"take_the_5th_exit":"اسلك المخرج الخامس",
"take_the_6th_exit":"اسلك المخرج السادس",
"take_the_7th_exit":"اسلك المخرج السابع",
"take_the_8th_exit":"اسلك المخرج الثامن",
"take_the_9th_exit":"اسلك المخرج التاسع",
"take_the_10th_exit":"اسلك المخرج العاشر",
"take_the_11th_exit":"اسلك المخرج الحادي عشر",
"bear_left":"انعطف لليسار",
"bear_right":"انعطف لليمين",
"you_have_reached_the intermediate_point":"لقد وصلت إلى منتصف الطريق",
"intermediate_point":"منتصف الطريق",
"enter_the highway":"اتجه في الطريق السريع",
"leave_the_highway":"اخرج من الطريق السريع",
"follow_the_roundabout":"اتبع الطريق الدوار",
"you_have_left_the_route":"لقد خرجت عن المسار",
"you_have_returned_to_the_route":"لقد عدت إلى المسار",
"the_route_has_been_recalculated":"تمت إعادة ضبط المسار",
"follow_the_sign":"اتبع الإشارة",
"in_250_meters":"بعد 250 متر",
"in_750_meters":"بعد 750 متر",
"in_two_kilometers":"بعد 2 كيلو متر",
"in_two_and_half_kilometers":"بعد 2 كيلو متر ونصف",
"in_3_kilometers":"بعد 3 كيلو متر",
"in_one_and_half_miles":"بعد ميل ونصف",
"in_two_miles":"بعد 2 ميل",
"in_250_yards":"بعد 250 ياردة",
"in_750_yards":"بعد 750 ياردة",
"in_50_feet":"بعد 50 قدمًا",
"in_100_feet":"بعد 100 قدم",
"in_200_feet":"بعد 200 قدم",
"in_300_feet":"بعد 300 قدم",
"in_400_feet":"بعد 400 قدم",
"in_500_feet":"بعد 500 قدم",
"in_600_feet":"بعد 600 قدم",
"in_700_feet":"بعد 700 قدم",
"in_800_feet":"بعد 800 قدم",
"in_900_feet":"بعد 900 قدم",
"in_1000_feet":"بعد 1000 قدم",
"in_1500_feet":"بعد 1500 قدم",
"in_2000_feet":"بعد 2000 قدم",
"in_2500_feet":"بعد 2500 قدم",
"in 3000_feet":"بعد 3000 قدم",
"in 3500_feet":"بعد 3500 قدم",
"in_4000_feet":"بعد 4000 قدم",
"in_4500_feet":"بعد 4500 قدم",
"in_5000_feet":"بعد 5000 قدم",
"in_one_mile":"بعد ميل واحد"
}
