{
"make_a_slight_right_turn":"Yavaşça sağa dönün.",
"make_a_right_turn":"Sağa dönün.",
"make_a_sharp_right_turn":"Keskin bir biçimde sağa dönün.",
"enter_the_roundabout":"Kavşağa girin.",
"leave_the_roundabout":"Kavşaktan çıkın.",
"make_a_slight_left_turn":"Yavaşça sola dönün.",
"make_a_left_turn":"Sola dönün.",
"make_a_sharp_left_turn":"Keskin bir biçimde sola dönün.",
"make_a_u_turn":"U dönüşü yapın.",
"go_straight":"Düz ilerleyin.",
"destination":"Hedef.",
"you_have_reached_the_destination":"Hedefinize ulaştınız.",
"in_50_meters":"50 metre sonra.",
"in_100_meters":"100 metre sonra.",
"in_200_meters":"200 metre sonra.",
"in 300 meters":"300 metre sonra.",
"in 400 meters":"400 metre sonra.",
"in 500 meters":"500 metre sonra..",
"in 600 meters":"600 metre sonra.",
"in 700 meters":"700 metre sonra.",
"in 800 meters":"800 metre sonra.",
"in 900 meters":"900 metre sonra.",
"in_one_kilometer":"Bir kilometre sonra.",
"in_one_and_a_half_kilometer":"Bir buçuk kilometre sonra.",
"then":"Sonra.",
"take_the_first_exit":"İlk çıkıştan çıkın.",
"take_the_second_exit":"İkinci çıkıştan çıkın.",
"take_the_third_exit":"Üçüncü çıkıştan çıkın.",
"take_the_4th_exit":"4. çıkıştan çıkın.",
"take_the_5th_exit":"5. çıkıştan çıkın.",
"take_the_6th_exit":"6. çıkıştan çıkın.",
"take_the_7th_exit":"7. çıkıştan çıkın.",
"take_the_8th_exit":"8. çıkıştan çıkın.",
"take_the_9th_exit":"9. çıkıştan çıkın.",
"take_the_10th_exit":"10. çıkıştan çıkın.",
"take_the_11th_exit":"11. çıkıştan çıkın.",
"bear_left":"Sola doğru dönün.",
"bear_right":"Sağa doğru dönün.",
"you_have_reached_the intermediate_point":"Ara noktaya ulaştınız.",
"intermediate_point":"Ara nokta.",
"enter_the highway":"Otobana girin.",
"leave_the_highway":"Otobandan çıkın.",
"follow_the_roundabout":"Kavşağı takip edin.",
"you_have_left_the_route":"Güzergahınızdan ayrıldınız.",
"you_have_returned_to_the_route":"Güzergahınıza geri döndünüz.",
"the_route_has_been_recalculated":"Rota yeniden hesaplandı.",
"follow_the_sign":"Tabelayı takip edin.",
"in_250_meters":"250 metre sonra.",
"in_750_meters":"750 metre sonra.",
"in_two_kilometers":"İki kilometre sonra.",
"in_two_and_half_kilometers":"İki buçuk kilometre sonra.",
"in_3_kilometers":"3 kilometre sonra.",
"in_one_and_half_miles":"Bir buçuk mil sonra.",
"in_two_miles":"İki mil sonra.",
"in_250_yards":"250 yarda sonra.",
"in_750_yards":"750 yarda sonra.",
"in_50_feet":"50 fit sonra.",
"in_100_feet":"100 fit sonra.",
"in_200_feet":"200 fit sonra.",
"in_300_feet":"300 fit sonra.",
"in_400_feet":"400 fit sonra.",
"in_500_feet":"500 fit sonra.",
"in_600_feet":"600 fit sonra.",
"in_700_feet":"700 fit sonra.",
"in_800_feet":"800 fit sonra.",
"in_900_feet":"900 fit sonra.",
"in_1000_feet":"1000 fit sonra.",
"in_1500_feet":"1500 fit sonra.",
"in_2000_feet":"2000 fit sonra.",
"in_2500_feet":"2500 fit sonra.",
"in 3000_feet":"3000 fit sonra.",
"in 3500_feet":"3500 fit sonra.",
"in_4000_feet":"4000 fit sonra.",
"in_4500_feet":"4500 fit sonra.",
"in_5000_feet":"5000 fit sonra.",
"in_one_mile":"Bir mil sonra."
}
