{
"make_a_slight_right_turn":"Gör en svag högersväng.",
"make_a_right_turn":"Sväng höger.",
"make_a_sharp_right_turn":"Gör en skarp högersväng.",
"enter_the_roundabout":"Kör in i rondellen.",
"leave_the_roundabout":"Lämna rondellen.",
"make_a_slight_left_turn":"Gör en svag vänstersväng.",
"make_a_left_turn":"Sväng vänster.",
"make_a_sharp_left_turn":"Gör en skarp vänstersväng.",
"make_a_u_turn":"Gör en U-sväng.",
"go_straight":"Åk rakt framåt.",
"destination":"Destinationen.",
"you_have_reached_the_destination":"Du är framme vid destinationen.",
"in_50_meters":"Om 50 meter.",
"in_100_meters":"Om 100 meter.",
"in_200_meters":"Om 200 meter.",
"in 300 meters":"Om 300 meter.",
"in 400 meters":"Om 400 meter.",
"in 500 meters":"Om 500 meter.",
"in 600 meters":"Om 600 meter.",
"in 700 meters":"Om 700 meter.",
"in 800 meters":"Om 800 meter.",
"in 900 meters":"Om 900 meter.",
"in_one_kilometer":"Om en kilometer.",
"in_one_and_a_half_kilometer":"Om en och en halv kilometer.",
"then":"Efter det.",
"take_the_first_exit":"Ta första avfarten.",
"take_the_second_exit":"Ta andra avfarten.",
"take_the_third_exit":"Ta tredje avfarten.",
"take_the_4th_exit":"Ta 4:e avfarten.",
"take_the_5th_exit":"Ta 5:e avfarten.",
"take_the_6th_exit":"Ta 6:e avfarten.",
"take_the_7th_exit":"Ta 7:e avfarten.",
"take_the_8th_exit":"Ta 8:e avfarten.",
"take_the_9th_exit":"Ta 9:e avfarten.",
"take_the_10th_exit":"Ta 10:e avfarten.",
"take_the_11th_exit":"Ta 11:e avfarten.",
"bear_left":"Håll till vänster.",
"bear_right":"Håll till höger.",
"you_have_reached_the intermediate_point":"Du är framme vid delmålet.",
"intermediate_point":"Delmål.",
"enter_the highway":"Kör ut på motorvägen.",
"leave_the_highway":"Lämna motorvägen.",
"follow_the_roundabout":"Följ rondellen.",
"you_have_left_the_route":"Du har lämnat vägen.",
"you_have_returned_to_the_route":"Du har återvänt till vägen.",
"the_route_has_been_recalculated":"Vägen har beräknats om.",
"follow_the_sign":"Följ skylten.",
"in_250_meters":"Om 250 meter.",
"in_750_meters":"Om 750 meter.",
"in_two_kilometers":"Om två kilometer.",
"in_two_and_half_kilometers":"Om två och en halv kilometer.",
"in_3_kilometers":"Om 3 kilometer.",
"in_one_and_half_miles":"Om en och en halv mile.",
"in_two_miles":"Om två mile.",
"in_250_yards":"Om 250 yard.",
"in_750_yards":"Om 750 yard.",
"in_50_feet":"Om 50 feet.",
"in_100_feet":"Om 100 feet.",
"in_200_feet":"Om 200 feet.",
"in_300_feet":"Om 300 feet.",
"in_400_feet":"Om 400 feet.",
"in_500_feet":"Om 500 feet.",
"in_600_feet":"Om 600 feet.",
"in_700_feet":"Om 700 feet.",
"in_800_feet":"Om 800 feet.",
"in_900_feet":"Om 900 feet.",
"in_1000_feet":"Om 1 000 feet.",
"in_1500_feet":"Om 1 500 feet.",
"in_2000_feet":"Om 2 000 feet.",
"in_2500_feet":"Om 2 500 feet.",
"in 3000_feet":"Om 3 000 feet.",
"in 3500_feet":"Om 3 500 feet.",
"in_4000_feet":"Om 4 000 feet.",
"in_4500_feet":"Om 4 500 feet.",
"in_5000_feet":"Om 5 000 feet.",
"in_one_mile":"Om en mile."
}
