{
"make_a_slight_right_turn":"Tournez légèrement à droite.",
"make_a_right_turn":"Tournez à droite.",
"make_a_sharp_right_turn":"Tournez franchement à droite.",
"enter_the_roundabout":"Prenez le rond-point.",
"leave_the_roundabout":"Quittez le rond-point.",
"make_a_slight_left_turn":"Tournez légèrement à gauche.",
"make_a_left_turn":"Tournez à gauche.",
"make_a_sharp_left_turn":"Tournez franchement à gauche.",
"make_a_u_turn":"Faites demi-tour.",
"go_straight":"Continuez tout droit.",
"destination":"Destination.",
"you_have_reached_the_destination":"Vous êtes arrivé à destination.",
"in_50_meters":"Dans 50 mètres.",
"in_100_meters":"Dans 100 mètres.",
"in_200_meters":"Dans 200 mètres.",
"in 300 meters":"Dans 300 mètres.",
"in 400 meters":"Dans 400 mètres.",
"in 500 meters":"Dans 500 mètres.",
"in 600 meters":"Dans 600 mètres.",
"in 700 meters":"Dans 700 mètres.",
"in 800 meters":"Dans 800 mètres.",
"in 900 meters":"Dans 900 mètres.",
"in_one_kilometer":"Dans un kilomètre.",
"in_one_and_a_half_kilometer":"Dans un virgule cinq kilomètre.",
"then":"Puis.",
"take_the_first_exit":"Prenez la première sortie.",
"take_the_second_exit":"Prenez la deuxième sortie.",
"take_the_third_exit":"Prenez la troisième sortie.",
"take_the_4th_exit":"Prenez la quatrième sortie.",
"take_the_5th_exit":"Prenez la cinquième sortie.",
"take_the_6th_exit":"Prenez la sixième sortie.",
"take_the_7th_exit":"Prenez la septième sortie.",
"take_the_8th_exit":"Prenez la huitième sortie.",
"take_the_9th_exit":"Prenez la neuvième sortie.",
"take_the_10th_exit":"Prenez la dixième sortie.",
"take_the_11th_exit":"Prenez la onzième sortie.",
"bear_left":"Gardez votre gauche.",
"bear_right":"Gardez votre droite.",
"you_have_reached_the intermediate_point":"Vous êtes arrivé au point intermédiaire.",
"intermediate_point":"Point intermédiaire.",
"enter_the highway":"Prenez l'autoroute.",
"leave_the_highway":"Quittez l'autoroute.",
"follow_the_roundabout":"Suivez le rond-point.",
"you_have_left_the_route":"Vous avez quitté votre itinéraire.",
"you_have_returned_to_the_route":"Vous avez retrouvé votre itinéraire.",
"the_route_has_been_recalculated":"Votre itinéraire a été recalculé.",
"follow_the_sign":"Suivez le panneau.",
"in_250_meters":"Dans 250 mètres.",
"in_750_meters":"Dans 750 mètres.",
"in_two_kilometers":"Dans deux kilomètres.",
"in_two_and_half_kilometers":"Dans deux virgule cinq kilomètres.",
"in_3_kilometers":"Dans trois kilomètres.",
"in_one_and_half_miles":"Dans un virgule cinq mile.",
"in_two_miles":"Dans deux miles.",
"in_250_yards":"Dans 250 yards.",
"in_750_yards":"Dans 750 yards.",
"in_50_feet":"Dans 50 feet.",
"in_100_feet":"Dans 100 feet.",
"in_200_feet":"Dans 200 feet.",
"in_300_feet":"Dans 300 feet.",
"in_400_feet":"Dans 400 feet.",
"in_500_feet":"Dans 500 feet.",
"in_600_feet":"Dans 600 feet.",
"in_700_feet":"Dans 700 feet.",
"in_800_feet":"Dans 800 feet.",
"in_900_feet":"Dans 900 feet.",
"in_1000_feet":"Dans 1000 feet.",
"in_1500_feet":"Dans 1500 feet.",
"in_2000_feet":"Dans 2000 feet.",
"in_2500_feet":"Dans 2500 feet.",
"in 3000_feet":"Dans 3000 feet.",
"in 3500_feet":"Dans 3500 feet.",
"in_4000_feet":"Dans 4000 feet.",
"in_4500_feet":"Dans 4500 feet.",
"in_5000_feet":"Dans 5000 feet.",
"in_one_mile":"Dans un mile."
}
