{
"make_a_slight_right_turn":"Belok agak ke kanan.",
"make_a_right_turn":"Belok ke kanan.",
"make_a_sharp_right_turn":"Belok tajam ke kanan.",
"enter_the_roundabout":"Masuk ke bundaran.",
"leave_the_roundabout":"Keluar dari bundaran.",
"make_a_slight_left_turn":"Belok agak ke kiri.",
"make_a_left_turn":"Belok ke kiri.",
"make_a_sharp_left_turn":"Belok tajam ke kiri.",
"make_a_u_turn":"Putar balik.",
"go_straight":"Lurus terus.",
"destination":"Tujuan.",
"you_have_reached_the_destination":"Anda telah mencapai tujuan.",
"in_50_meters":"Setelah 50 meter.",
"in_100_meters":"Setelah 100 meter.",
"in_200_meters":"Setelah 200 meter.",
"in 300 meters":"Setelah 300 meter.",
"in 400 meters":"Setelah 400 meter.",
"in 500 meters":"Setelah 500 meter.",
"in 600 meters":"Setelah 600 meter.",
"in 700 meters":"Setelah 700 meter.",
"in 800 meters":"Setelah 800 meter.",
"in 900 meters":"Setelah 900 meter.",
"in_one_kilometer":"Setelah satu kilometer.",
"in_one_and_a_half_kilometer":"Setelah 1.5 kilometer.",
"then":"Lalu.",
"take_the_first_exit":"Ambil jalan keluar pertama.",
"take_the_second_exit":"Ambil jalan keluar ke-2.",
"take_the_third_exit":"Ambil jalan keluar ke-3.",
"take_the_4th_exit":"Ambil jalan keluar ke-4",
"take_the_5th_exit":"Ambil jalan keluar ke-5.",
"take_the_6th_exit":"Ambil jalan keluar ke-6.",
"take_the_7th_exit":"Ambil jalan keluar ke-7.",
"take_the_8th_exit":"Ambil jalan keluar ke-8.",
"take_the_9th_exit":"Ambil jalan keluar ke-9.",
"take_the_10th_exit":"Ambil jalan keluar ke-10.",
"take_the_11th_exit":"Ambil jalan keluar ke-11.",
"bear_left":"Tetap di kiri.",
"bear_right":"Tetap di kanan.",
"you_have_reached_the intermediate_point":"Anda telah mencapai titik tengah rute.",
"intermediate_point":"Titik tengah rute.",
"enter_the highway":"Masuk ke jalan raya.",
"leave_the_highway":"Keluar dari jalan raya.",
"follow_the_roundabout":"Ikuti bundaran.",
"you_have_left_the_route":"Anda telah meninggalkan rute.",
"you_have_returned_to_the_route":"Anda telah kembali ke rute.",
"the_route_has_been_recalculated":"Rute telah diperhitungkan ulang.",
"follow_the_sign":"Ikuti rambu.",
"in_250_meters":"Setelah 250 meter.",
"in_750_meters":"Setelah 750 meter.",
"in_two_kilometers":"Setelah dua kilometer.",
"in_two_and_half_kilometers":"Setelah 2.5 kilometer.",
"in_3_kilometers":"Setelah 3 kilometer.",
"in_one_and_half_miles":"Setelah 1.5 mil.",
"in_two_miles":"Setelah dua mil.",
"in_250_yards":"Setelah 250 yard.",
"in_750_yards":"Setelah 750 yard.",
"in_50_feet":"Setelah 50 kaki.",
"in_100_feet":"Setelah 100 kaki.",
"in_200_feet":"Setelah 200 kaki.",
"in_300_feet":"Setelah 300 kaki.",
"in_400_feet":"Setelah 400 kaki.",
"in_500_feet":"Setelah 500 kaki.",
"in_600_feet":"Setelah 600 kaki.",
"in_700_feet":"Setelah 700 kaki.",
"in_800_feet":"Setelah 800 kaki.",
"in_900_feet":"Setelah 900 kaki.",
"in_1000_feet":"Setelah 1.000 kaki.",
"in_1500_feet":"Setelah 1.500 kaki.",
"in_2000_feet":"Setelah 2.000 kaki.",
"in_2500_feet":"Setelah 2.500 kaki.",
"in 3000_feet":"Setelah 3.000 kaki.",
"in 3500_feet":"Setelah 3.500 kaki.",
"in_4000_feet":"Setelah 4.000 kaki.",
"in_4500_feet":"Setelah 4.500 kaki.",
"in_5000_feet":"Setelah 5.000 kaki.",
"in_one_mile":"Setelah satu mil."
}
