<?xml version="1.0" encoding="UTF-8" standalone="no"?>
<Application>
    <Entry>Sloynik</Entry>
    <Name>
        <English>Thesaurus</English>
        <eng-GB>Thesaurus</eng-GB>
    </Name>
    <Vendor/>
    <Description/>
    <Icons>
        <MainMenu>Sloynik.png</MainMenu>
        <Setting/>
        <Ticker/>
        <QuickPanel/>
    </Icons>
    <AutoScaling>
        <Enabled>true</Enabled>
        <BaseResolution>480x800</BaseResolution>
    </AutoScaling>
</Application>
