<?xml version="1.0" encoding="UTF-8"?>
<external-calls>
  <appname>Sloynik</appname>
    <ext-function>__App_info</ext-function>
    <ext-function>Osp::Base::String::operator=</ext-function>
    <ext-function>Osp::Base::ByteBuffer::Construct</ext-function>
    <ext-function>Osp::Base::Collection::ArrayList::Construct</ext-function>
    <ext-function>Osp::Base::Collection::ArrayList::RemoveAll</ext-function>
    <ext-function>Osp::App::Application::Execute</ext-function>
    <ext-function>__App_exception</ext-function>
    <ext-function>__App_info</ext-function>
    <ext-function>Osp::Base::Collection::ArrayList::Add</ext-function>
</external-calls>
