<?xml version="1.0" encoding="UTF-8"?>
<alarms>
  <type>non open api</type>
  <appname>Sloynik</appname>
  <alarm>
    <apiname>__App_info</apiname>
    <location>
      <filename>../src/SloynikEntry.cpp</filename>
      <line>39</line>
    </location>
  </alarm>
  <alarm>
    <apiname>Osp::App::Application::Execute</apiname>
    <location>
      <filename>../src/SloynikEntry.cpp</filename>
      <line>30</line>
    </location>
  </alarm>
  <alarm>
    <apiname>__App_exception</apiname>
    <location>
      <filename>../src/SloynikEntry.cpp</filename>
      <line>33</line>
    </location>
  </alarm>
  <alarm>
    <apiname>__App_info</apiname>
    <location>
      <filename>../src/SloynikEntry.cpp</filename>
      <line>24</line>
    </location>
  </alarm>
</alarms>
