{
"make_a_slight_right_turn":"Faça uma curva ligeira à direita.",
"make_a_right_turn":"Vire à direita.",
"make_a_sharp_right_turn":"Faça uma curva acentuada à direita.",
"enter_the_roundabout":"Entre na rotunda.",
"leave_the_roundabout":"Saia da rotunda.",
"make_a_slight_left_turn":"Faça uma curva ligeira à esquerda.",
"make_a_left_turn":"Vire à esquerda.",
"make_a_sharp_left_turn":"Faça uma curva acentuada à esquerda.",
"make_a_u_turn":"Faça inversão de marcha.",
"go_straight":"Siga em frente.",
"destination":"O destino.",
"you_have_reached_the_destination":"Chegou ao destino.",
"in_50_meters":"A 50 metros.",
"in_100_meters":"A 100 metros.",
"in_200_meters":"A 200 metros.",
"in_300_meters":"A 300 metros.",
"in_400_meters":"A 400 metros.",
"in_500_meters":"A 500 metros.",
"in_600_meters":"A 600 metros.",
"in_700_meters":"A 700 metros.",
"in_800_meters":"A 800 metros.",
"in_900_meters":"A 900 metros.",
"in_one_kilometer":"A um quilómetro.",
"in_one_and_a_half_kilometer":"A um quilómetro e meio.",
"then":"Depois.",
"take_the_first_exit":"Saia na primeira saída.",
"take_the_second_exit":"Saia na segunda saída.",
"take_the_third_exit":"Saia na terceira saída.",
"take_the_4th_exit":"Saia na 4.ª saída.",
"take_the_5th_exit":"Saia na 5.ª saída.",
"take_the_6th_exit":"Saia na 6.ª saída.",
"take_the_7th_exit":"Saia na 7.ª saída.",
"take_the_8th_exit":"Saia na 8.ª saída.",
"take_the_9th_exit":"Saia na 9.ª saída.",
"take_the_10th_exit":"Saia na 10.ª saída.",
"take_the_11th_exit":"Saia na 11.ª saída.",
"bear_left":"Mantenha-se à esquerda.",
"bear_right":"Mantenha-se à direita.",
"you_have_reached_the intermediate_point":"Atingiu o ponto intermédio.",
"intermediate_point":"Ponto intermédio.",
"enter_the highway":"Entrou na via rápida.",
"leave_the_highway":"Saiu da via rápida.",
"follow_the_roundabout":"Siga a rotunda.",
"you_have_left_the_route":"Saiu da rota.",
"you_have_returned_to_the_route":"Regressou à rota.",
"the_route_has_been_recalculated":"A rota foi recalculada.",
"follow_the_sign":"Siga o sinal.",
"in_250_meters":"A 250 metros.",
"in_750_meters":"A 750 metros.",
"in_two_kilometers":"A dois quilómetros.",
"in_two_and_half_kilometers":"A dois quilómetros e meio.",
"in_3_kilometers":"A 3 quilómetros.",
"in_one_and_half_miles":"A uma milha e meia.",
"in_two_miles":"A duas milhas.",
"in_250_yards":"A 250 jardas.",
"in_750_yards":"A 750 jardas.",
"in_50_feet":"A 50 pés.",
"in_100_feet":"A 100 pés.",
"in_200_feet":"A 200 pés.",
"in_300_feet":"A 300 pés.",
"in_400_feet":"A 400 pés.",
"in_500_feet":"A 500 pés.",
"in_600_feet":"A 600 pés.",
"in_700_feet":"A 700 pés.",
"in_800_feet":"A 800 pés.",
"in_900_feet":"A 900 pés.",
"in_1000_feet":"A 1000 pés.",
"in_1500_feet":"A 1500 pés.",
"in_2000_feet":"A 2000 pés.",
"in_2500_feet":"A 2500 pés.",
"in_3000_feet":"A 3000 pés.",
"in_3500_feet":"A 3500 pés.",
"in_4000_feet":"A 4000 pés.",
"in_4500_feet":"A 4500 pés.",
"in_5000_feet":"A 5000 pés.",
"in_one_mile":"A uma milha."
}
